2009-01-03 00:00:00,0.000285
2009-01-06 00:00:00,0.0
2009-01-09 00:00:00,0.00021499999999999997
2009-01-12 00:00:00,0.00023223595505617977
2009-01-15 00:00:00,0.000241748031496063
2009-01-18 00:00:00,0.00021595049504950496
2009-01-21 00:00:00,0.00022753982300884954
2009-01-24 00:00:00,0.00022571859296482413
2009-01-27 00:00:00,0.00024252427184466018
2009-01-30 00:00:00,0.00022758677685950413
2009-02-02 00:00:00,0.00021583464566929134
2009-02-05 00:00:00,0.0002157190082644628
2009-02-08 00:00:00,0.00021752985074626868
2009-02-11 00:00:00,0.00022519847328244277
2009-02-14 00:00:00,0.00021586524822695037
2009-02-17 00:00:00,0.0002451186440677966
2009-02-20 00:00:00,0.000230453125
2009-02-23 00:00:00,0.00021594392523364487
2009-02-26 00:00:00,0.0002159791666666667
2009-03-01 00:00:00,0.0002239433962264151
2009-03-04 00:00:00,0.00021571698113207548
2009-03-07 00:00:00,0.00021597297297297293
2009-03-10 00:00:00,0.0002158095238095238
2009-03-13 00:00:00,0.00022928070175438597
2009-03-16 00:00:00,0.00025836923076923076
2009-03-19 00:00:00,0.00022971311475409836
2009-03-22 00:00:00,0.00022998947368421053
2009-03-25 00:00:00,0.00021579310344827586
2009-03-28 00:00:00,0.00023622689075630254
2009-03-31 00:00:00,0.00024861061946902655
2009-04-03 00:00:00,0.00021595575221238937
2009-04-06 00:00:00,0.00023358260869565215
2009-04-09 00:00:00,0.0002158888888888889
2009-04-12 00:00:00,0.00021592173913043478
2009-04-15 00:00:00,0.00021573214285714286
2009-04-18 00:00:00,0.00022091803278688526
2009-04-21 00:00:00,0.00028298373983739843
2009-04-24 00:00:00,0.00021584070796460179
2009-04-27 00:00:00,0.00021593333333333331
2009-04-30 00:00:00,0.00023354545454545454
2009-05-03 00:00:00,0.0002309385964912281
2009-05-06 00:00:00,0.00022462043795620437
2009-05-09 00:00:00,0.0002155824175824176
2009-05-12 00:00:00,0.0002159448818897638
2009-05-15 00:00:00,0.00021906993006993007
2009-05-18 00:00:00,0.00021593548387096776
2009-05-21 00:00:00,0.0002159325842696629
2009-05-24 00:00:00,0.00021589583333333332
2009-05-27 00:00:00,0.00021570399999999997
2009-05-30 00:00:00,0.00021567961165048542
2009-06-02 00:00:00,0.00021589887640449437
2009-06-05 00:00:00,0.00021589473684210524
2009-06-08 00:00:00,0.00021581944444444442
2009-06-11 00:00:00,0.00021594623655913974
2009-06-14 00:00:00,0.00021572857142857144
2009-06-17 00:00:00,0.00021557142857142855
2009-06-20 00:00:00,0.00021573809523809523
2009-06-23 00:00:00,0.00021575
2009-06-26 00:00:00,0.0002417640449438202
2009-06-29 00:00:00,0.0002157894736842105
2009-07-02 00:00:00,0.00021570833333333335
2009-07-05 00:00:00,0.00021595
2009-07-08 00:00:00,0.00021594936708860756
2009-07-11 00:00:00,0.00021595238095238096
2009-07-14 00:00:00,0.00021594444444444444
2009-07-17 00:00:00,0.00021576923076923078
2009-07-20 00:00:00,0.00021583999999999997
2009-07-23 00:00:00,0.00021556060606060605
2009-07-26 00:00:00,0.0002156153846153846
2009-07-29 00:00:00,0.00021575
2009-08-01 00:00:00,0.00021569565217391306
2009-08-04 00:00:00,0.0002155862068965517
2009-08-07 00:00:00,0.00021594594594594597
2009-08-10 00:00:00,0.000216
2009-08-13 00:00:00,0.000215679012345679
2009-08-16 00:00:00,0.00021548
2009-08-19 00:00:00,0.00021546666666666668
2009-08-22 00:00:00,0.000215
2009-08-25 00:00:00,0.00021552727272727273
2009-08-28 00:00:00,0.000215703125
2009-08-31 00:00:00,0.00022357446808510639
2009-09-03 00:00:00,0.00024333333333333333
2009-09-06 00:00:00,0.00021581944444444442
2009-09-09 00:00:00,0.00021579310344827586
2009-09-12 00:00:00,0.0002158169014084507
2009-09-15 00:00:00,0.00021585714285714285
2009-09-18 00:00:00,0.0002157777777777778
2009-09-21 00:00:00,0.00021595945945945944
2009-09-24 00:00:00,0.0002155731707317073
2009-09-27 00:00:00,0.00023679775280898877
2009-09-30 00:00:00,0.000215816091954023
2009-10-03 00:00:00,0.00021544827586206897
2009-10-06 00:00:00,0.0002612682926829268
2009-10-09 00:00:00,0.00021560256410256407
2009-10-12 00:00:00,0.00035482258064516126
2009-10-15 00:00:00,0.0002153411764705882
2009-10-18 00:00:00,0.000228859375
2009-10-21 00:00:00,0.00035566265060240964
2009-10-24 00:00:00,0.00021552000000000002
2009-10-27 00:00:00,0.0002449393939393939
2009-10-30 00:00:00,0.0002742295081967213
2009-11-02 00:00:00,0.00021527272727272728
2009-11-05 00:00:00,0.000292921875
2009-11-08 00:00:00,0.00021557142857142855
2009-11-11 00:00:00,0.00032307246376811596
2009-11-14 00:00:00,0.00021563855421686748
2009-11-17 00:00:00,0.00021568131868131868
2009-11-20 00:00:00,0.00035195121951219513
2009-11-23 00:00:00,0.000215875
2009-11-26 00:00:00,0.000215525641025641
2009-11-29 00:00:00,0.00021563793103448274
2009-12-02 00:00:00,0.00041526530612244895
2009-12-05 00:00:00,0.0002152115384615385
2009-12-08 00:00:00,0.00024524369747899163
2009-12-11 00:00:00,0.000215384
2009-12-14 00:00:00,0.0005706481481481481
2009-12-17 00:00:00,0.00022410559006211183
2009-12-20 00:00:00,0.00021594857142857139
2009-12-23 00:00:00,0.00021563905325443786
2009-12-26 00:00:00,0.0002157106918238994
2009-12-29 00:00:00,0.00021565853658536588
2010-01-01 00:00:00,0.0002155798319327731
2010-01-04 00:00:00,0.0002665631578947368
2010-01-07 00:00:00,0.00021561006289308172
2010-01-10 00:00:00,0.00021581151832460733
2010-01-13 00:00:00,0.00021858860759493669
2010-01-16 00:00:00,0.0002202089552238806
2010-01-19 00:00:00,0.00021726050420168067
2010-01-22 00:00:00,0.00021924666666666668
2010-01-25 00:00:00,0.00025269458128078813
2010-01-28 00:00:00,0.00024070520231213877
2010-01-31 00:00:00,0.00023328640776699031
2010-02-03 00:00:00,0.00022874074074074075
2010-02-06 00:00:00,0.0002275235602094241
2010-02-09 00:00:00,0.00021822488038277513
2010-02-12 00:00:00,0.0002698823529411765
2010-02-15 00:00:00,0.0002589081081081081
2010-02-18 00:00:00,0.0002409126637554585
2010-02-21 00:00:00,0.00023389252336448598
2010-02-24 00:00:00,0.0002817210526315789
2010-02-27 00:00:00,0.0002234161849710983
2010-03-02 00:00:00,0.0002480051020408163
2010-03-05 00:00:00,0.00046587428571428575
2010-03-08 00:00:00,0.00037011029411764706
2010-03-11 00:00:00,0.00028847945205479454
2010-03-14 00:00:00,0.000227016
2010-03-17 00:00:00,0.0002591707317073171
2010-03-20 00:00:00,0.00026753367875647667
2010-03-23 00:00:00,0.00025874146341463414
2010-03-26 00:00:00,0.0002509846153846154
2010-03-29 00:00:00,0.00026181770833333336
2010-04-01 00:00:00,0.0002335925925925926
2010-04-04 00:00:00,0.0002492771084337349
2010-04-07 00:00:00,0.0002827150259067358
2010-04-10 00:00:00,0.00043144583333333336
2010-04-13 00:00:00,0.00026505454545454554
2010-04-16 00:00:00,0.00031923762376237627
2010-04-19 00:00:00,0.0028160046082949313
2010-04-22 00:00:00,0.0003178870056497175
2010-04-25 00:00:00,0.00031505917159763315
2010-04-28 00:00:00,0.00032698285714285715
2010-05-01 00:00:00,0.00026815337423312884
2010-05-04 00:00:00,0.00032373846153846154
2010-05-07 00:00:00,0.0004588473282442748
2010-05-10 00:00:00,0.00031231386861313865
2010-05-13 00:00:00,0.0003741384615384615
2010-05-16 00:00:00,0.00029106250000000003
2010-05-19 00:00:00,0.00037301851851851857
2010-05-22 00:00:00,0.0003086979166666667
2010-05-25 00:00:00,0.00030555348837209306
2010-05-28 00:00:00,0.00028080365296803656
2010-05-31 00:00:00,0.0002874605263157895
2010-06-03 00:00:00,0.0003933757961783439
2010-06-06 00:00:00,0.00033043046357615895
2010-06-09 00:00:00,0.00029832098765432104
2010-06-12 00:00:00,0.0004166277372262774
2010-06-15 00:00:00,0.0003836581632653061
2010-06-18 00:00:00,0.00028741216216216214
2010-06-21 00:00:00,0.0003722037037037037
2010-06-24 00:00:00,0.00035591208791208793
2010-06-27 00:00:00,0.0003257295597484276
2010-06-30 00:00:00,0.0006483532608695653
2010-07-03 00:00:00,0.000621565
2010-07-06 00:00:00,0.00033469047619047617
2010-07-09 00:00:00,0.00031892063492063494
2010-07-12 00:00:00,0.0009000818713450293
2010-07-15 00:00:00,0.0010153557692307693
2010-07-18 00:00:00,0.0007137206703910615
2010-07-21 00:00:00,0.0006613217821782178
2010-07-24 00:00:00,0.0005591567567567568
2010-07-27 00:00:00,0.0013665428571428572
2010-07-30 00:00:00,0.0007368461538461539
2010-08-02 00:00:00,0.00043183858267716534
2010-08-05 00:00:00,0.0008866311475409836
2010-08-08 00:00:00,0.00048691145833333334
2010-08-11 00:00:00,0.0005350783410138248
2010-08-14 00:00:00,0.00043622605363984675
2010-08-17 00:00:00,0.000958648854961832
2010-08-20 00:00:00,0.0006486946107784431
2010-08-23 00:00:00,0.0004948433179723503
2010-08-26 00:00:00,0.0004991778846153846
2010-08-29 00:00:00,0.0004944430379746835
2010-09-01 00:00:00,0.0008322897727272727
2010-09-04 00:00:00,0.00044365921787709495
2010-09-07 00:00:00,0.0005153576158940397
2010-09-10 00:00:00,0.0006254912280701754
2010-09-13 00:00:00,0.000844920731707317
2010-09-16 00:00:00,0.0005490526315789473
2010-09-19 00:00:00,0.00048389047619047616
2010-09-22 00:00:00,0.0015433699421965317
2010-09-25 00:00:00,0.0006348168316831684
2010-09-28 00:00:00,0.0008351342592592593
2010-10-01 00:00:00,0.0010720641025641026
2010-10-04 00:00:00,0.0008984610389610389
2010-10-07 00:00:00,0.0006869479768786128
2010-10-10 00:00:00,0.0007037674418604651
2010-10-13 00:00:00,0.0006748284023668639
2010-10-16 00:00:00,0.0005954811715481172
2010-10-19 00:00:00,0.0012618683127572016
2010-10-22 00:00:00,0.0010223202614379084
2010-10-25 00:00:00,0.0006344380952380952
2010-10-28 00:00:00,0.0007109534883720929
2010-10-31 00:00:00,0.0004779395604395604
2010-11-03 00:00:00,0.00047626865671641797
2010-11-06 00:00:00,0.0006127029702970297
2010-11-09 00:00:00,0.0005561125
2010-11-12 00:00:00,0.0004388304093567252
2010-11-15 00:00:00,0.003144914027149321
2010-11-18 00:00:00,0.0004551749049429657
2010-11-21 00:00:00,0.017593066666666667
2010-11-24 00:00:00,0.0036322702702702705
2010-11-27 00:00:00,0.0009294316939890712
2010-11-30 00:00:00,0.0006630095238095237
2010-12-03 00:00:00,0.0006840885416666666
2010-12-06 00:00:00,0.0004936625
2010-12-09 00:00:00,0.000626132
2010-12-12 00:00:00,0.0009247643678160919
2010-12-15 00:00:00,0.0009638659217877096
2010-12-18 00:00:00,0.0010795696202531646
2010-12-21 00:00:00,0.0008934467005076143
2010-12-24 00:00:00,0.0011135133333333332
2010-12-27 00:00:00,0.0009527453416149068
2010-12-30 00:00:00,0.001118775
2011-01-02 00:00:00,0.0009840777777777776
2011-01-05 00:00:00,0.0022319533333333332
2011-01-08 00:00:00,0.001965671875
2011-01-11 00:00:00,0.00229008024691358
2011-01-14 00:00:00,0.0021889597701149426
2011-01-17 00:00:00,0.0013647745664739884
2011-01-20 00:00:00,0.0014695833333333336
2011-01-23 00:00:00,0.0022965823529411764
2011-01-26 00:00:00,0.0014709846153846153
2011-01-29 00:00:00,0.002932686666666667
2011-02-01 00:00:00,0.0022267262569832403
2011-02-04 00:00:00,0.0015261052631578948
2011-02-07 00:00:00,0.0013490922330097088
2011-02-10 00:00:00,0.0033815502645502646
2011-02-13 00:00:00,0.002643328431372549
2011-02-16 00:00:00,0.0025151125541125544
2011-02-19 00:00:00,0.003435488636363636
2011-02-22 00:00:00,0.0030175188679245285
2011-02-25 00:00:00,0.0029083873873873875
2011-02-28 00:00:00,0.003519928143712575
2011-03-03 00:00:00,0.004893989071038251
2011-03-06 00:00:00,0.002833351851851852
2011-03-09 00:00:00,0.003910297468354431
2011-03-12 00:00:00,0.006117627737226278
2011-03-15 00:00:00,0.008605896907216496
2011-03-18 00:00:00,0.005898978260869565
2011-03-21 00:00:00,0.014391883870967744
2011-03-24 00:00:00,0.004998342105263159
2011-03-27 00:00:00,0.005636967320261438
2011-03-30 00:00:00,0.003898391025641026
2011-04-02 00:00:00,0.0036070793650793656
2011-04-05 00:00:00,0.004062782178217822
2011-04-08 00:00:00,0.004185121794871795
2011-04-11 00:00:00,0.004956051948051948
2011-04-14 00:00:00,0.006307914110429449
2011-04-17 00:00:00,0.004774567415730338
2011-04-20 00:00:00,0.009614284722222222
2011-04-23 00:00:00,0.0048769529411764705
2011-04-26 00:00:00,0.005360569948186528
2011-04-29 00:00:00,0.006579821782178218
2011-05-02 00:00:00,0.0063206685393258424
2011-05-05 00:00:00,0.0059795
2011-05-08 00:00:00,0.005160383495145631
2011-05-11 00:00:00,0.008118673796791443
2011-05-14 00:00:00,0.007332004032258065
2011-05-17 00:00:00,0.007254896153846154
2011-05-20 00:00:00,0.009060982142857143
2011-05-23 00:00:00,0.00849203610108303
2011-05-26 00:00:00,0.009082509433962264
2011-05-29 00:00:00,0.011163687861271678
2011-06-01 00:00:00,0.013921691011235957
2011-06-04 00:00:00,0.017692921296296297
2011-06-07 00:00:00,0.021983029585798817
2011-06-10 00:00:00,0.020520809734513274
2011-06-13 00:00:00,0.02162333469387755
2011-06-16 00:00:00,0.02505180597014925
2011-06-19 00:00:00,0.02225844292237443
2011-06-22 00:00:00,0.01631954814814815
2011-06-25 00:00:00,0.026792754966887416
2011-06-28 00:00:00,0.03010926797385621
2011-07-01 00:00:00,0.022672955555555555
2011-07-04 00:00:00,0.02387658536585366
2011-07-07 00:00:00,0.031142647058823525
2011-07-10 00:00:00,0.02638138194444444
2011-07-13 00:00:00,0.02129809836065574
2011-07-16 00:00:00,0.021001654088050315
2011-07-19 00:00:00,0.026999749999999996
2011-07-22 00:00:00,0.024754594405594407
2011-07-25 00:00:00,0.02787447133757962
2011-07-28 00:00:00,0.02202926347305389
2011-07-31 00:00:00,0.01892238095238095
2011-08-03 00:00:00,0.022020408805031446
2011-08-06 00:00:00,0.025769346774193548
2011-08-09 00:00:00,0.02916770676691729
2011-08-12 00:00:00,0.02152214598540146
2011-08-15 00:00:00,0.02662483216783217
2011-08-18 00:00:00,0.020741398734177213
2011-08-21 00:00:00,0.021008620689655172
2011-08-24 00:00:00,0.02442248854961832
2011-08-27 00:00:00,0.025984335877862592
2011-08-30 00:00:00,0.021230716129032257
2011-09-02 00:00:00,0.017829166666666667
2011-09-05 00:00:00,0.020788974025974027
2011-09-08 00:00:00,0.022094103999999996
2011-09-11 00:00:00,0.020266797101449276
2011-09-14 00:00:00,0.018358052631578945
2011-09-17 00:00:00,0.020146292682926833
2011-09-20 00:00:00,0.027390705035971224
2011-09-23 00:00:00,0.01931844029850746
2011-09-26 00:00:00,0.01924894890510949
2011-09-29 00:00:00,0.017385634328358213
2011-10-02 00:00:00,0.015756984732824428
2011-10-05 00:00:00,0.019001919708029197
2011-10-08 00:00:00,0.01832629457364341
2011-10-11 00:00:00,0.02427956603773585
2011-10-14 00:00:00,0.01910430827067669
2011-10-17 00:00:00,0.023508150442477876
2011-10-20 00:00:00,0.017868922330097087
2011-10-23 00:00:00,0.02200009523809524
2011-10-26 00:00:00,0.020281385321100912
2011-10-29 00:00:00,0.021702672268907562
2011-11-01 00:00:00,0.015826993150684934
2011-11-04 00:00:00,0.018744944055944058
2011-11-07 00:00:00,0.017366549618320612
2011-11-10 00:00:00,0.0185822
2011-11-13 00:00:00,0.01364825850340136
2011-11-16 00:00:00,0.0184516015037594
2011-11-19 00:00:00,0.016742899224806203
2011-11-22 00:00:00,0.01720348148148148
2011-11-25 00:00:00,0.017192423076923074
2011-11-28 00:00:00,0.020334951612903225
2011-12-01 00:00:00,0.0186013027027027
2011-12-04 00:00:00,0.015659109489051096
2011-12-07 00:00:00,0.021510707482993198
2011-12-10 00:00:00,0.015376898089171974
2011-12-13 00:00:00,0.019533682170542632
2011-12-16 00:00:00,0.018929145161290323
2011-12-19 00:00:00,0.016219185430463575
2011-12-22 00:00:00,0.01819451449275362
2011-12-25 00:00:00,0.01255106896551724
2011-12-28 00:00:00,0.01512992
2011-12-31 00:00:00,0.015430602484472053
2012-01-03 00:00:00,0.018265055555555555
2012-01-06 00:00:00,0.021417723529411764
2012-01-09 00:00:00,0.02068636645962733
2012-01-12 00:00:00,0.022472060240963855
2012-01-15 00:00:00,0.020545006756756756
2012-01-18 00:00:00,0.02433988732394366
2012-01-21 00:00:00,0.016828972067039105
2012-01-24 00:00:00,0.022802244444444446
2012-01-27 00:00:00,0.02258913669064748
2012-01-30 00:00:00,0.016118530120481925
2012-02-02 00:00:00,0.01986427607361963
2012-02-05 00:00:00,0.021651330882352944
2012-02-08 00:00:00,0.0219740303030303
2012-02-11 00:00:00,0.025436652173913044
2012-02-14 00:00:00,0.03275533088235295
2012-02-17 00:00:00,0.022159654929577464
2012-02-20 00:00:00,0.018071684931506845
2012-02-23 00:00:00,0.021287142857142855
2012-02-26 00:00:00,0.017036605263157895
2012-02-29 00:00:00,0.016198397849462365
2012-03-03 00:00:00,0.02241725210084033
2012-03-06 00:00:00,0.023279182432432433
2012-03-09 00:00:00,0.01764459638554217
2012-03-12 00:00:00,0.016077603550295857
2012-03-15 00:00:00,0.02594586046511628
2012-03-18 00:00:00,0.016156294871794874
2012-03-21 00:00:00,0.019311944444444444
2012-03-24 00:00:00,0.01650963953488372
2012-03-27 00:00:00,0.019413141891891892
2012-03-30 00:00:00,0.02165878666666667
2012-04-02 00:00:00,0.02270435433070866
2012-04-05 00:00:00,0.029146084033613445
2012-04-08 00:00:00,0.018195753424657533
2012-04-11 00:00:00,0.023685895104895105
2012-04-14 00:00:00,0.026977045112781955
2012-04-17 00:00:00,0.02937719718309859
2012-04-20 00:00:00,0.024234883870967745
2012-04-23 00:00:00,0.022038993243243245
2012-04-26 00:00:00,0.027405993506493507
2012-04-29 00:00:00,0.020656409638554217
2012-05-02 00:00:00,0.028834110389610392
2012-05-05 00:00:00,0.038109833333333336
2012-05-08 00:00:00,0.040691220430107526
2012-05-11 00:00:00,0.05177392682926829
2012-05-14 00:00:00,0.08516926573426571
2012-05-17 00:00:00,0.06037187288135593
2012-05-20 00:00:00,0.1009942676056338
2012-05-23 00:00:00,0.09783986776859503
2012-05-26 00:00:00,0.07572348148148149
2012-05-29 00:00:00,0.10311786029411765
2012-06-01 00:00:00,0.07501917218543046
2012-06-04 00:00:00,0.1288014701986755
2012-06-07 00:00:00,0.1071082619047619
2012-06-10 00:00:00,0.09730068235294119
2012-06-13 00:00:00,0.1376658765432099
2012-06-16 00:00:00,0.13933396250000002
2012-06-19 00:00:00,0.09586523076923077
2012-06-22 00:00:00,0.08656390780141844
2012-06-25 00:00:00,0.07638376470588236
2012-06-28 00:00:00,0.08969632592592593
2012-07-01 00:00:00,0.05964089855072464
2012-07-04 00:00:00,0.061161094339622635
2012-07-07 00:00:00,0.06355707058823529
2012-07-10 00:00:00,0.09672554304635762
2012-07-13 00:00:00,0.06547089440993789
2012-07-16 00:00:00,0.0932885472972973
2012-07-19 00:00:00,0.10359011888111888
2012-07-22 00:00:00,0.08763274820143885
2012-07-25 00:00:00,0.07916427272727274
2012-07-28 00:00:00,0.0795506
2012-07-31 00:00:00,0.11575942857142858
2012-08-03 00:00:00,0.07575944508670521
2012-08-06 00:00:00,0.10374741843971631
2012-08-09 00:00:00,0.08597940251572328
2012-08-12 00:00:00,0.07974247337278105
2012-08-15 00:00:00,0.12767870175438598
2012-08-18 00:00:00,0.1117758783783784
2012-08-21 00:00:00,0.09025030386740332
2012-08-24 00:00:00,0.07954764102564103
2012-08-27 00:00:00,0.08852046308724833
2012-08-30 00:00:00,0.08312738607594937
2012-09-02 00:00:00,0.08512954248366013
2012-09-05 00:00:00,0.09892853888888888
2012-09-08 00:00:00,0.10125717857142857
2012-09-11 00:00:00,0.0998907341772152
2012-09-14 00:00:00,0.09762870987654321
2012-09-17 00:00:00,0.06487128409090909
2012-09-20 00:00:00,0.09541721768707484
2012-09-23 00:00:00,0.07404586577181209
2012-09-26 00:00:00,0.09543202097902098
2012-09-29 00:00:00,0.0726343630952381
2012-10-02 00:00:00,0.09784568382352943
2012-10-05 00:00:00,0.11142000735294116
2012-10-08 00:00:00,0.10643061445783132
2012-10-11 00:00:00,0.09895771014492753
2012-10-14 00:00:00,0.09003223188405797
2012-10-17 00:00:00,0.11567327659574468
2012-10-20 00:00:00,0.09831283333333334
2012-10-23 00:00:00,0.1371386058394161
2012-10-26 00:00:00,0.06815237267080745
2012-10-29 00:00:00,0.06484013924050633
2012-11-01 00:00:00,0.09015937777777779
2012-11-04 00:00:00,0.066290975
2012-11-07 00:00:00,0.10958393630573247
2012-11-10 00:00:00,0.0806643875
2012-11-13 00:00:00,0.08377240441176471
2012-11-16 00:00:00,0.12188856028368794
2012-11-19 00:00:00,0.12583005691056912
2012-11-22 00:00:00,0.10520415646258503
2012-11-25 00:00:00,0.11214995035460995
2012-11-28 00:00:00,0.09880558579881657
2012-12-01 00:00:00,0.10461532500000001
2012-12-04 00:00:00,0.11666576576576576
2012-12-07 00:00:00,0.11974195161290323
2012-12-10 00:00:00,0.1287285281690141
2012-12-13 00:00:00,0.13806563970588237
2012-12-16 00:00:00,0.13422328695652172
2012-12-19 00:00:00,0.15077155244755244
2012-12-22 00:00:00,0.15034906944444443
2012-12-25 00:00:00,0.10387349593495936
2012-12-28 00:00:00,0.124636875
2012-12-31 00:00:00,0.09385293452380952
2013-01-03 00:00:00,0.10869891875000001
2013-01-06 00:00:00,0.10497364084507042
2013-01-09 00:00:00,0.1538764253731343
2013-01-12 00:00:00,0.1707035714285714
2013-01-15 00:00:00,0.15530915748031496
2013-01-18 00:00:00,0.192362024
2013-01-21 00:00:00,0.12736519863013698
2013-01-24 00:00:00,0.1583405608108108
2013-01-27 00:00:00,0.1571152302631579
2013-01-30 00:00:00,0.14584491724137932
2013-02-02 00:00:00,0.162435900621118
2013-02-05 00:00:00,0.13777827906976745
2013-02-08 00:00:00,0.19290490131578944
2013-02-11 00:00:00,0.1686173962264151
2013-02-14 00:00:00,0.15230933536585367
2013-02-17 00:00:00,0.12625443010752688
2013-02-20 00:00:00,0.16021500578034684
2013-02-23 00:00:00,0.1711520061728395
2013-02-26 00:00:00,0.17964391612903224
2013-03-01 00:00:00,0.19408612658227847
2013-03-04 00:00:00,0.1692437657142857
2013-03-07 00:00:00,0.19969403289473683
2013-03-10 00:00:00,0.17925554054054058
2013-03-13 00:00:00,0.17421815584415587
2013-03-16 00:00:00,0.12613126704545455
2013-03-19 00:00:00,0.12148359898477158
2013-03-22 00:00:00,0.13175647555555556
2013-03-25 00:00:00,0.18186644117647058
2013-03-28 00:00:00,0.16750172067039107
2013-03-31 00:00:00,0.18608224203821658
2013-04-03 00:00:00,0.18314923033707867
2013-04-06 00:00:00,0.16458307738095238
2013-04-09 00:00:00,0.17277392857142856
2013-04-12 00:00:00,0.17369300578034683
2013-04-15 00:00:00,0.16762768125
2013-04-18 00:00:00,0.1500815828220859
2013-04-21 00:00:00,0.12958340229885057
2013-04-24 00:00:00,0.20045084
2013-04-27 00:00:00,0.14805857232704403
2013-04-30 00:00:00,0.18553886577181208
2013-05-03 00:00:00,0.1838413673469388
2013-05-06 00:00:00,0.160475509202454
2013-05-09 00:00:00,0.18562431927710843
2013-05-12 00:00:00,0.18125398876404494
2013-05-15 00:00:00,0.21222220408163267
2013-05-18 00:00:00,0.16672119047619047
2013-05-21 00:00:00,0.17961175838926172
2013-05-24 00:00:00,0.1622377777777778
2013-05-27 00:00:00,0.14987702325581398
2013-05-30 00:00:00,0.165432449704142
2013-06-02 00:00:00,0.12237050980392156
2013-06-05 00:00:00,0.1332701188118812
2013-06-08 00:00:00,0.13259157738095237
2013-06-11 00:00:00,0.1308237159090909
2013-06-14 00:00:00,0.1308808604651163
2013-06-17 00:00:00,0.12733247402597403
2013-06-20 00:00:00,0.15591154794520545
2013-06-23 00:00:00,0.10424643181818181
2013-06-26 00:00:00,0.10875262433862433
2013-06-29 00:00:00,0.11625493788819875
2013-07-02 00:00:00,0.12395480891719746
2013-07-05 00:00:00,0.09309137288135594
2013-07-08 00:00:00,0.09227674731182794
2013-07-11 00:00:00,0.09915258854166666
2013-07-14 00:00:00,0.09987275460122699
2013-07-17 00:00:00,0.1067130473372781
2013-07-20 00:00:00,0.08068991443850267
2013-07-23 00:00:00,0.12710779310344827
2013-07-26 00:00:00,0.11091866853932585
2013-07-29 00:00:00,0.12585692168674698
2013-08-01 00:00:00,0.11579708108108107
2013-08-04 00:00:00,0.1221223567251462
2013-08-07 00:00:00,0.14338571022727273
2013-08-10 00:00:00,0.1190998391959799
2013-08-13 00:00:00,0.145259296875
2013-08-16 00:00:00,0.17348877325581394
2013-08-19 00:00:00,0.17404060674157304
2013-08-22 00:00:00,0.12960484615384615
2013-08-25 00:00:00,0.1461410979020979
2013-08-28 00:00:00,0.1712067005988024
2013-08-31 00:00:00,0.1092112465116279
2013-09-03 00:00:00,0.134384427027027
2013-09-06 00:00:00,0.14628532631578947
2013-09-09 00:00:00,0.1260532383419689
2013-09-12 00:00:00,0.11308555769230769
2013-09-15 00:00:00,0.12021524590163933
2013-09-18 00:00:00,0.19075631125827816
2013-09-21 00:00:00,0.12837260427807487
2013-09-24 00:00:00,0.1420578855721393
2013-09-27 00:00:00,0.1313944375
2013-09-30 00:00:00,0.1210737987804878
2013-10-03 00:00:00,0.14625411057692309
2013-10-06 00:00:00,0.1058419108910891
2013-10-09 00:00:00,0.12155914754098361
2013-10-12 00:00:00,0.11716903553299492
2013-10-15 00:00:00,0.10741741129032258
2013-10-18 00:00:00,0.15838582080924854
2013-10-21 00:00:00,0.14094571144278606
2013-10-24 00:00:00,0.16393222009569378
2013-10-27 00:00:00,0.11872217514124295
2013-10-30 00:00:00,0.12384964285714285
2013-11-02 00:00:00,0.1019446129032258
2013-11-05 00:00:00,0.1547187294117647
2013-11-08 00:00:00,0.2318914887218045
2013-11-11 00:00:00,0.13956861025641026
2013-11-14 00:00:00,0.20359579881656803
2013-11-17 00:00:00,0.1223946580310881
2013-11-20 00:00:00,0.23847401226993867
2013-11-23 00:00:00,0.22878189506172839
2013-11-26 00:00:00,0.23532400609756102
2013-11-29 00:00:00,0.22519211351351348
2013-12-02 00:00:00,0.22158814110429448
2013-12-05 00:00:00,0.24722485964912283
2013-12-08 00:00:00,0.13633906703910617
2013-12-11 00:00:00,0.20957661392405066
2013-12-14 00:00:00,0.16724517000000003
2013-12-17 00:00:00,0.1883305736040609
2013-12-20 00:00:00,0.16401435643564358
2013-12-23 00:00:00,0.17158811320754716
2013-12-26 00:00:00,0.15515048603351955
2013-12-29 00:00:00,0.17260947333333332
2014-01-01 00:00:00,0.102705585
2014-01-04 00:00:00,0.186186222972973
2014-01-07 00:00:00,0.17420701604278074
2014-01-10 00:00:00,0.1409798910891089
2014-01-13 00:00:00,0.13576040886699509
2014-01-16 00:00:00,0.14042222499999998
2014-01-19 00:00:00,0.13830722282608693
2014-01-22 00:00:00,0.17456345263157894
2014-01-25 00:00:00,0.17926292258064516
2014-01-28 00:00:00,0.1995726325301205
2014-01-31 00:00:00,0.16946076630434784
2014-02-03 00:00:00,0.16870467010309276
2014-02-06 00:00:00,0.22916482035928143
2014-02-09 00:00:00,0.19511570198675496
2014-02-12 00:00:00,0.25535424550898206
2014-02-15 00:00:00,0.19990615555555558
2014-02-18 00:00:00,0.23597209580838321
2014-02-21 00:00:00,0.24439035119047617
2014-02-24 00:00:00,0.21527021428571427
2014-02-27 00:00:00,0.2165718076923077
2014-03-02 00:00:00,0.23345200000000002
2014-03-05 00:00:00,0.28854567080745347
2014-03-08 00:00:00,0.2200515942857143
2014-03-11 00:00:00,0.2507479047619047
2014-03-14 00:00:00,0.2825006834532374
2014-03-17 00:00:00,0.18438893258426967
2014-03-20 00:00:00,0.22514571856287424
2014-03-23 00:00:00,0.15291656585365854
2014-03-26 00:00:00,0.24519589240506331
2014-03-29 00:00:00,0.17768949122807015
2014-04-01 00:00:00,0.20962783240223465
2014-04-04 00:00:00,0.1877975024875622
2014-04-07 00:00:00,0.23581621232876712
2014-04-10 00:00:00,0.23586273142857145
2014-04-13 00:00:00,0.14314638190954773
2014-04-16 00:00:00,0.2944278120805369
2014-04-19 00:00:00,0.19751582822085892
2014-04-22 00:00:00,0.26544779870129875
2014-04-25 00:00:00,0.2714146646341463
2014-04-28 00:00:00,0.21465074698795178
2014-05-01 00:00:00,0.214350630952381
2014-05-04 00:00:00,0.201215625
2014-05-07 00:00:00,0.24138139877300613
2014-05-10 00:00:00,0.18274291525423728
2014-05-13 00:00:00,0.23240383529411768
2014-05-16 00:00:00,0.2160444945054945
2014-05-19 00:00:00,0.21932396610169488
2014-05-22 00:00:00,0.24190944910179638
2014-05-25 00:00:00,0.2199706556291391
2014-05-28 00:00:00,0.24059751977401128
2014-05-31 00:00:00,0.21103693421052636
2014-06-03 00:00:00,0.22527094680851065
2014-06-06 00:00:00,0.2648223040540541
2014-06-09 00:00:00,0.2550889411764706
2014-06-12 00:00:00,0.23994681290322578
2014-06-15 00:00:00,0.1715669946236559
2014-06-18 00:00:00,0.2275346823529412
2014-06-21 00:00:00,0.16537083597883598
2014-06-24 00:00:00,0.19153230303030305
2014-06-27 00:00:00,0.19020741711229944
2014-06-30 00:00:00,0.30002941600000005
2014-07-03 00:00:00,0.2831736165413534
2014-07-06 00:00:00,0.22281622147651003
2014-07-09 00:00:00,0.27675696855345916
2014-07-12 00:00:00,0.19394340606060606
2014-07-15 00:00:00,0.2877322753623188
2014-07-18 00:00:00,0.2377469119496855
2014-07-21 00:00:00,0.2391638389261745
2014-07-24 00:00:00,0.249841355704698
2014-07-27 00:00:00,0.19962291304347826
2014-07-30 00:00:00,0.21952504
2014-08-02 00:00:00,0.198767325443787
2014-08-05 00:00:00,0.32230699242424243
2014-08-08 00:00:00,0.24954213664596275
2014-08-11 00:00:00,0.23661537912087913
2014-08-14 00:00:00,0.28228840000000005
2014-08-17 00:00:00,0.21933484242424242
2014-08-20 00:00:00,0.2569492341772152
2014-08-23 00:00:00,0.2136957770700637
2014-08-26 00:00:00,0.2572941807228916
2014-08-29 00:00:00,0.22174999397590361
2014-09-01 00:00:00,0.25255516
2014-09-04 00:00:00,0.23735541916167668
2014-09-07 00:00:00,0.23376524999999998
2014-09-10 00:00:00,0.36472108974358974
2014-09-13 00:00:00,0.18973404519774012
2014-09-16 00:00:00,0.3126716804733728
2014-09-19 00:00:00,0.24252732716049386
2014-09-22 00:00:00,0.26135016560509555
2014-09-25 00:00:00,0.29799564417177915
2014-09-28 00:00:00,0.3187571007194245
2014-10-01 00:00:00,0.31564311724137933
2014-10-04 00:00:00,0.31657616083916085
2014-10-07 00:00:00,0.3037253311258278
2014-10-10 00:00:00,0.2851023836477988
2014-10-13 00:00:00,0.2983395555555555
2014-10-16 00:00:00,0.2861483533333333
2014-10-19 00:00:00,0.3009122388059702
2014-10-22 00:00:00,0.2684983391812865
2014-10-25 00:00:00,0.27913599342105266
2014-10-28 00:00:00,0.3368810266666667
2014-10-31 00:00:00,0.2636620904255319
2014-11-03 00:00:00,0.3155498516129032
2014-11-06 00:00:00,0.3467015586206897
2014-11-09 00:00:00,0.33791396402877694
2014-11-12 00:00:00,0.3810360074074074
2014-11-15 00:00:00,0.27871554
2014-11-18 00:00:00,0.3314705666666667
2014-11-21 00:00:00,0.3899876290322581
2014-11-24 00:00:00,0.3174029806451613
2014-11-27 00:00:00,0.3612495572519084
2014-11-30 00:00:00,0.32383146153846154
2014-12-03 00:00:00,0.465200479338843
2014-12-06 00:00:00,0.3238298827586207
2014-12-09 00:00:00,0.3687179496402878
2014-12-12 00:00:00,0.3206461197183099
2014-12-15 00:00:00,0.41009149019607843
2014-12-18 00:00:00,0.45091717985611507
2014-12-21 00:00:00,0.32326831724137933
2014-12-24 00:00:00,0.3321481655629139
2014-12-27 00:00:00,0.2845763625
2014-12-30 00:00:00,0.31968887671232876
2015-01-02 00:00:00,0.25239609375
2015-01-05 00:00:00,0.32033429166666666
2015-01-08 00:00:00,0.39052572592592594
2015-01-11 00:00:00,0.3528069863945578
2015-01-14 00:00:00,0.41761009933774834
2015-01-17 00:00:00,0.38394167883211683
2015-01-20 00:00:00,0.441115075
2015-01-23 00:00:00,0.379347564516129
2015-01-26 00:00:00,0.5219264251968504
2015-01-29 00:00:00,0.2654714294117647
2015-02-01 00:00:00,0.2644935588235294
2015-02-04 00:00:00,0.3023901180124224
2015-02-07 00:00:00,0.27361087209302326
2015-02-10 00:00:00,0.36605432000000004
2015-02-13 00:00:00,0.48198740000000007
2015-02-16 00:00:00,0.4266263860759494
2015-02-19 00:00:00,0.32233433536585365
2015-02-22 00:00:00,0.3488211920529801
2015-02-25 00:00:00,0.3569967500000001
2015-02-28 00:00:00,0.413418037037037
2015-03-03 00:00:00,0.40184929220779214
2015-03-06 00:00:00,0.4102557911392405
2015-03-09 00:00:00,0.4353763939393939
2015-03-12 00:00:00,0.4754028195488722
2015-03-15 00:00:00,0.33737155102040817
2015-03-18 00:00:00,0.3963923687943262
2015-03-21 00:00:00,0.3912156993006993
2015-03-24 00:00:00,0.3166272275449102
2015-03-27 00:00:00,0.32643102325581397
2015-03-30 00:00:00,0.3965190704225352
2015-04-02 00:00:00,0.42140617687074833
2015-04-05 00:00:00,0.3608455629139073
2015-04-08 00:00:00,0.4740540336134454
2015-04-11 00:00:00,0.40805893430656937
2015-04-14 00:00:00,0.4021958734177214
2015-04-17 00:00:00,0.38821150746268657
2015-04-20 00:00:00,0.3834475542168675
2015-04-23 00:00:00,0.40103727536231887
2015-04-26 00:00:00,0.3498903691275168
2015-04-29 00:00:00,0.491518984496124
2015-05-02 00:00:00,0.373641925170068
2015-05-05 00:00:00,0.38317843506493504
2015-05-08 00:00:00,0.4009522635135135
2015-05-11 00:00:00,0.3966151879194631
2015-05-14 00:00:00,0.3787343928571429
2015-05-17 00:00:00,0.28719909826589596
2015-05-20 00:00:00,0.42019341549295774
2015-05-23 00:00:00,0.41047369999999994
2015-05-26 00:00:00,0.43884316296296294
2015-05-29 00:00:00,0.4167872101910828
2015-06-01 00:00:00,0.4771302773722628
2015-06-04 00:00:00,0.457110176056338
2015-06-07 00:00:00,0.3279989640718563
2015-06-10 00:00:00,0.5283374240506329
2015-06-13 00:00:00,0.4096257721518987
2015-06-16 00:00:00,0.5409450406504066
2015-06-19 00:00:00,0.49172386956521746
2015-06-22 00:00:00,0.5337702702702702
2015-06-25 00:00:00,0.3543320125
2015-06-28 00:00:00,0.40012501360544217
2015-07-01 00:00:00,0.6247242620689655
2015-07-04 00:00:00,0.40514644516129034
2015-07-07 00:00:00,0.7767134594594594
2015-07-10 00:00:00,0.6986762243589743
2015-07-13 00:00:00,0.7572038344827586
2015-07-16 00:00:00,0.6766855220588235
2015-07-19 00:00:00,0.6554952517482517
2015-07-22 00:00:00,0.5270542176870748
2015-07-25 00:00:00,0.38416583660130715
2015-07-28 00:00:00,0.5029356690140845
2015-07-31 00:00:00,0.7841715899280575
2015-08-03 00:00:00,0.45064438775510207
2015-08-06 00:00:00,0.7938233142857142
2015-08-09 00:00:00,0.3722112592592593
2015-08-12 00:00:00,0.5160442845528456
2015-08-15 00:00:00,0.4420084179104477
2015-08-18 00:00:00,0.46065239999999996
2015-08-21 00:00:00,0.39758331818181813
2015-08-24 00:00:00,0.43477173248407647
2015-08-27 00:00:00,0.3961429463087248
2015-08-30 00:00:00,0.34746787500000004
2015-09-02 00:00:00,0.6585698051948051
2015-09-05 00:00:00,0.48237578145695376
2015-09-08 00:00:00,0.6431967841726619
2015-09-11 00:00:00,0.6522061791907514
2015-09-14 00:00:00,0.7009255283018868
2015-09-17 00:00:00,0.688808609929078
2015-09-20 00:00:00,0.47519864166666664
2015-09-23 00:00:00,0.50182222
2015-09-26 00:00:00,0.43192361184210526
2015-09-29 00:00:00,0.43467721387283237
2015-10-02 00:00:00,0.547095784
2015-10-05 00:00:00,0.418199
2015-10-08 00:00:00,0.6955074963503649
2015-10-11 00:00:00,0.5901196
2015-10-14 00:00:00,0.49113655263157896
2015-10-17 00:00:00,0.6547715267175573
2015-10-20 00:00:00,0.612539
2015-10-23 00:00:00,0.5201101363636363
2015-10-26 00:00:00,0.501171947368421
2015-10-29 00:00:00,0.5983270135135135
2015-11-01 00:00:00,0.5353535911949687
2015-11-04 00:00:00,0.7738935032258065
2015-11-07 00:00:00,0.5449529447852761
2015-11-10 00:00:00,0.5599680699300699
2015-11-13 00:00:00,0.49319862874251497
2015-11-16 00:00:00,0.4792007329545454
2015-11-19 00:00:00,0.5896801071428571
2015-11-22 00:00:00,0.40130741954022986
2015-11-25 00:00:00,0.5301708506493507
2015-11-28 00:00:00,0.6126028630136986
2015-12-01 00:00:00,0.5361994166666667
2015-12-04 00:00:00,0.5643991780821919
2015-12-07 00:00:00,0.6495817880794703
2015-12-10 00:00:00,0.5806186428571428
2015-12-13 00:00:00,0.6509350671140939
2015-12-16 00:00:00,0.6756485595238095
2015-12-19 00:00:00,0.6721773032258065
2015-12-22 00:00:00,0.7804523475177305
2015-12-25 00:00:00,0.6526350671641792
2015-12-28 00:00:00,0.5856291428571428
2015-12-31 00:00:00,0.5799268611111111
2016-01-03 00:00:00,0.5257396510067114
2016-01-06 00:00:00,0.6846474632352941
2016-01-09 00:00:00,0.6069291698113207
2016-01-12 00:00:00,0.5888228977272727
2016-01-15 00:00:00,0.7806274390243904
2016-01-18 00:00:00,0.6657210457142857
2016-01-21 00:00:00,0.8407136194029851
2016-01-24 00:00:00,0.596757951807229
2016-01-27 00:00:00,0.727886461038961
2016-01-30 00:00:00,0.6419800903954802
2016-02-02 00:00:00,0.8246359268292682
2016-02-05 00:00:00,0.6356581833333332
2016-02-08 00:00:00,0.7539734968944098
2016-02-11 00:00:00,0.6376851354166667
2016-02-14 00:00:00,0.5667196944444445
2016-02-17 00:00:00,0.8351240428571428
2016-02-20 00:00:00,0.7443559493670887
2016-02-23 00:00:00,0.8956290814814816
2016-02-26 00:00:00,0.75447926
2016-02-29 00:00:00,0.901957362962963
2016-03-03 00:00:00,0.9185191729323308
2016-03-06 00:00:00,0.6613206762589927
2016-03-09 00:00:00,0.7183319393939395
2016-03-12 00:00:00,0.6003884
2016-03-15 00:00:00,0.6914230197368422
2016-03-18 00:00:00,0.7358584637681159
2016-03-21 00:00:00,0.7842592301587302
2016-03-24 00:00:00,0.6805337350993377
2016-03-27 00:00:00,0.6138536470588235
2016-03-30 00:00:00,0.8079277358490566
2016-04-02 00:00:00,0.8255437133333332
2016-04-05 00:00:00,0.7791966778523489
2016-04-08 00:00:00,0.7354707659574468
2016-04-11 00:00:00,0.7499725099337748
2016-04-14 00:00:00,0.7458737393939394
2016-04-17 00:00:00,0.6529772091503269
2016-04-20 00:00:00,0.6969258848484848
2016-04-23 00:00:00,0.6546613402777778
2016-04-26 00:00:00,0.8131796887417219
2016-04-29 00:00:00,0.8128474620253165
2016-05-02 00:00:00,0.7510854713375796
2016-05-05 00:00:00,0.7063270833333334
2016-05-08 00:00:00,0.5846545950920246
2016-05-11 00:00:00,0.8130157744360902
2016-05-14 00:00:00,0.8123429305555556
2016-05-17 00:00:00,0.8679327446808511
2016-05-20 00:00:00,0.781658288590604
2016-05-23 00:00:00,0.6442582651933701
2016-05-26 00:00:00,0.8230840583941607
2016-05-29 00:00:00,0.6800782993197279
2016-06-01 00:00:00,0.8404144236111111
2016-06-04 00:00:00,0.8405560084033614
2016-06-07 00:00:00,0.8027037605633803
2016-06-10 00:00:00,0.8226525416666667
2016-06-13 00:00:00,0.9156027515527951
2016-06-16 00:00:00,0.9577037181208055
2016-06-19 00:00:00,0.7231075649717514
2016-06-22 00:00:00,0.9456438062015504
2016-06-25 00:00:00,0.7974393855421686
2016-06-28 00:00:00,0.7615830134228189
2016-07-01 00:00:00,0.751746796178344
2016-07-04 00:00:00,0.7393264966887417
2016-07-07 00:00:00,0.8223174275362318
2016-07-10 00:00:00,0.5858136858974359
2016-07-13 00:00:00,0.8186623538461539
2016-07-16 00:00:00,0.6884784713375797
2016-07-19 00:00:00,0.860789296875
2016-07-22 00:00:00,0.8639891240310078
2016-07-25 00:00:00,0.9106621818181818
2016-07-28 00:00:00,0.876140795620438
2016-07-31 00:00:00,0.7945719350649351
2016-08-03 00:00:00,0.7935178571428572
2016-08-06 00:00:00,0.6175066107784432
2016-08-09 00:00:00,0.881475904
2016-08-12 00:00:00,0.8052742214765101
2016-08-15 00:00:00,0.8097697328767124
2016-08-18 00:00:00,0.798859012987013
2016-08-21 00:00:00,0.6149099263803681
2016-08-24 00:00:00,0.7578695359477123
2016-08-27 00:00:00,0.6869025972222222
2016-08-30 00:00:00,0.7841255757575757
2016-09-02 00:00:00,0.7266508496732027
2016-09-05 00:00:00,0.8802988571428572
2016-09-08 00:00:00,0.8141071875
2016-09-11 00:00:00,0.591717
2016-09-14 00:00:00,0.7642068717948718
2016-09-17 00:00:00,0.7543839386503068
2016-09-20 00:00:00,0.785474477124183
2016-09-23 00:00:00,0.8052610514705882
2016-09-26 00:00:00,0.7708344117647059
2016-09-29 00:00:00,0.8328163776223776
2016-10-02 00:00:00,0.7185321631205673
2016-10-05 00:00:00,0.7889120359281437
2016-10-08 00:00:00,0.7612417751479289
2016-10-11 00:00:00,0.9230886690647482
2016-10-14 00:00:00,0.8586946911764706
2016-10-17 00:00:00,0.929673328
2016-10-20 00:00:00,0.9774316865671641
2016-10-23 00:00:00,0.7923368958333333
2016-10-26 00:00:00,0.9745694460431654
2016-10-29 00:00:00,0.7730397046979867
2016-11-01 00:00:00,0.8570516597222223
2016-11-04 00:00:00,0.9561081982758621
2016-11-07 00:00:00,0.886718801369863
2016-11-10 00:00:00,0.8045371130952381
2016-11-13 00:00:00,0.773230048951049
2016-11-16 00:00:00,0.7912516104651164
2016-11-19 00:00:00,0.8528740915492957
2016-11-22 00:00:00,0.9588848134328358
2016-11-25 00:00:00,0.9427829210526315
2016-11-28 00:00:00,0.9091113658536586
2016-12-01 00:00:00,0.899509287671233
2016-12-04 00:00:00,0.8569991689189189
2016-12-07 00:00:00,0.88484412
2016-12-10 00:00:00,0.8984817196969697
2016-12-13 00:00:00,0.814901382022472
2016-12-16 00:00:00,0.9666167969924813
2016-12-19 00:00:00,0.9153277763157894
2016-12-22 00:00:00,0.9198361949685534
2016-12-25 00:00:00,0.6475070838323354
2016-12-28 00:00:00,0.8684801951219513
2016-12-31 00:00:00,0.803915554054054
2017-01-03 00:00:00,0.9065735182926828
2017-01-06 00:00:00,0.9843305838509318
2017-01-09 00:00:00,0.9230031617647059
2017-01-12 00:00:00,0.802814323699422
2017-01-15 00:00:00,0.6770676586826347
2017-01-18 00:00:00,0.8945323377483444
2017-01-21 00:00:00,0.6930888342541436
2017-01-24 00:00:00,0.9736577046979865
2017-01-27 00:00:00,0.8376798058823529
2017-01-30 00:00:00,0.9557019657534247
2017-02-02 00:00:00,0.9139565923566879
2017-02-05 00:00:00,0.9579446037735848
2017-02-08 00:00:00,0.9611287191780822
2017-02-11 00:00:00,0.9636613021582735
2017-02-14 00:00:00,0.8847332662721894
2017-02-17 00:00:00,0.9690751986754966
2017-02-20 00:00:00,0.9513293851351352
2017-02-23 00:00:00,0.9607123799999999
2017-02-26 00:00:00,0.9217508539325843
2017-03-01 00:00:00,0.9791459513888889
2017-03-04 00:00:00,0.9860852686567164
2017-03-07 00:00:00,0.97486177124183
2017-03-10 00:00:00,0.9918213461538462
2017-03-13 00:00:00,0.9828723103448275
2017-03-16 00:00:00,0.9882601307189542
2017-03-19 00:00:00,0.8897133313253012
2017-03-22 00:00:00,0.9823028385093168
2017-03-25 00:00:00,0.9399249323308271
2017-03-28 00:00:00,0.9856837225806452
2017-03-31 00:00:00,0.9605278296296296
2017-04-03 00:00:00,0.878287340909091
2017-04-06 00:00:00,0.9777448843537415
2017-04-09 00:00:00,0.925461893081761
2017-04-12 00:00:00,0.9825672957746479
2017-04-15 00:00:00,0.9917443973509933
2017-04-18 00:00:00,0.9555397876712329
2017-04-21 00:00:00,0.9759393233532934
2017-04-24 00:00:00,0.9630899032258065
2017-04-27 00:00:00,0.9676179795918368
2017-04-30 00:00:00,0.9718935165562914
2017-05-03 00:00:00,0.9952908712121213
2017-05-06 00:00:00,0.9649331726190477
2017-05-09 00:00:00,0.9877865225806451
2017-05-12 00:00:00,0.9545805194805196
2017-05-15 00:00:00,0.9707119823529412
2017-05-18 00:00:00,0.9746094929577463
2017-05-21 00:00:00,0.990363700680272
2017-05-24 00:00:00,0.9705481688311688
2017-05-27 00:00:00,0.9914609166666667
2017-05-30 00:00:00,0.9806031173184359
2017-06-02 00:00:00,0.9819886164383562
2017-06-05 00:00:00,0.9644301219512195
2017-06-08 00:00:00,0.969814206060606
2017-06-11 00:00:00,0.9454748356164383
2017-06-14 00:00:00,0.9693562928571429
2017-06-17 00:00:00,0.9857053172413792
2017-06-20 00:00:00,0.9656752246376812
2017-06-23 00:00:00,0.9488802937499999
2017-06-26 00:00:00,0.9872243450704226
2017-06-29 00:00:00,0.9668369583333334
2017-07-02 00:00:00,0.7795832978723404
2017-07-05 00:00:00,0.9095399194630872
2017-07-08 00:00:00,0.858895296969697
2017-07-11 00:00:00,0.8901076242774566
2017-07-14 00:00:00,0.9002089784172662
2017-07-17 00:00:00,0.9452877500000001
2017-07-20 00:00:00,0.9294561296296295
2017-07-23 00:00:00,0.683351726744186
2017-07-26 00:00:00,0.9673388231292516
2017-07-29 00:00:00,0.872203152866242
2017-08-01 00:00:00,0.7252916308724833
2017-08-04 00:00:00,0.9241476480446927
2017-08-07 00:00:00,0.9436978235294117
2017-08-10 00:00:00,0.9812816417910447
2017-08-13 00:00:00,0.9833201554054054
2017-08-16 00:00:00,0.9667277076923076
2017-08-19 00:00:00,0.9664551589403974
2017-08-22 00:00:00,0.9981752359550562
2017-08-25 00:00:00,0.92875899009901
2017-08-28 00:00:00,0.9813002325581395
2017-08-31 00:00:00,0.9816415337423312
2017-09-03 00:00:00,0.7657666623376623
2017-09-06 00:00:00,0.9041358024691358
2017-09-09 00:00:00,0.7317358579881656
2017-09-12 00:00:00,0.7112392021276597
2017-09-15 00:00:00,0.8441772333333333
2017-09-18 00:00:00,0.9119924094488189
2017-09-21 00:00:00,0.7673945738636363
2017-09-24 00:00:00,0.656781524137931
2017-09-27 00:00:00,0.8489842857142857
2017-09-30 00:00:00,0.7862133985507247
2017-10-03 00:00:00,0.8758622349726777
2017-10-06 00:00:00,0.9204357924528301
2017-10-09 00:00:00,0.9215362173913044
2017-10-12 00:00:00,0.9775429869281046
2017-10-15 00:00:00,0.8937678615384614
2017-10-18 00:00:00,1.0175214900662253
2017-10-21 00:00:00,1.0400787516339869
2017-10-24 00:00:00,1.0410116407185628
2017-10-27 00:00:00,1.0319484615384615
2017-10-30 00:00:00,1.0285091360544218
2017-11-02 00:00:00,1.03739566
2017-11-05 00:00:00,1.0426671631205673
2017-11-08 00:00:00,1.0268310069444444
2017-11-11 00:00:00,1.058251325
2017-11-14 00:00:00,1.0274114609375
2017-11-17 00:00:00,1.0345285748502993
2017-11-20 00:00:00,1.0186825371428572
2017-11-23 00:00:00,1.0568942611464969
2017-11-26 00:00:00,1.0422233725490195
2017-11-29 00:00:00,1.0644090057803468
2017-12-02 00:00:00,1.0362984223602485
2017-12-05 00:00:00,1.0586585337078651
2017-12-08 00:00:00,1.0513528910256411
2017-12-11 00:00:00,1.060447970760234
2017-12-14 00:00:00,1.041837308108108
2017-12-17 00:00:00,1.0410744216216217
2017-12-20 00:00:00,1.0728001397058824
2017-12-23 00:00:00,1.0600379640287771
2017-12-26 00:00:00,1.0503131197183098
2017-12-29 00:00:00,1.0477537151515153
2018-01-01 00:00:00,1.0433825
2018-01-04 00:00:00,1.0658327023809524
2018-01-07 00:00:00,1.047738314814815
2018-01-10 00:00:00,1.0581949759036144
2018-01-13 00:00:00,1.0146375906040268
2018-01-16 00:00:00,1.050054220125786
2018-01-19 00:00:00,1.0483565212121213
2018-01-22 00:00:00,1.0810381017964072
2018-01-25 00:00:00,1.1103268101265822
2018-01-28 00:00:00,1.031008841772152
2018-01-31 00:00:00,1.0428313162393161
2018-02-03 00:00:00,0.9965668607594936
2018-02-06 00:00:00,1.0675244588235295
2018-02-09 00:00:00,1.076192548148148
2018-02-12 00:00:00,1.0412915903614457
2018-02-15 00:00:00,1.063894961832061
2018-02-18 00:00:00,0.9727666728395061
2018-02-21 00:00:00,0.985094627218935
2018-02-24 00:00:00,1.0278940413793103
2018-02-27 00:00:00,1.01619215
2018-03-02 00:00:00,0.8610644743589743
2018-03-05 00:00:00,1.0160605167785235
2018-03-08 00:00:00,1.019423074074074
2018-03-11 00:00:00,1.0131507647058824
2018-03-14 00:00:00,0.7446366875
2018-03-17 00:00:00,0.515427899328859
2018-03-20 00:00:00,0.7938827086614173
2018-03-23 00:00:00,0.8305476766917294
2018-03-26 00:00:00,0.71241346
2018-03-29 00:00:00,0.679723552631579
2018-04-01 00:00:00,0.45317404938271605
2018-04-04 00:00:00,0.7233463401360545
2018-04-07 00:00:00,0.5388250888888889
2018-04-10 00:00:00,0.6831044512195121
2018-04-13 00:00:00,0.722759496969697
2018-04-16 00:00:00,0.9675472553191489
2018-04-19 00:00:00,0.6257996292134832
2018-04-22 00:00:00,0.5588472312499999
2018-04-25 00:00:00,1.0430313739837398
2018-04-28 00:00:00,0.844274703125
2018-05-01 00:00:00,0.6732715506329113
2018-05-04 00:00:00,0.9738190289855072
2018-05-07 00:00:00,0.8677013866666666
2018-05-10 00:00:00,0.7333766948051947
2018-05-13 00:00:00,0.5763450472972973
2018-05-16 00:00:00,0.6065971396648044
2018-05-19 00:00:00,0.5802587012987014
2018-05-22 00:00:00,0.6977125562913907
2018-05-25 00:00:00,0.6250619602272727
2018-05-28 00:00:00,0.7101011153846154
2018-05-31 00:00:00,0.7068835352941176
2018-06-03 00:00:00,0.7712843496932515
2018-06-06 00:00:00,0.9916829727891157
2018-06-09 00:00:00,0.6309251188811189
2018-06-12 00:00:00,1.0449314896551722
2018-06-15 00:00:00,0.8013465163398692
2018-06-18 00:00:00,0.6487076951219513
2018-06-21 00:00:00,0.6167434294117647
2018-06-24 00:00:00,0.48473693567251463
2018-06-27 00:00:00,1.0880430743801652
2018-06-30 00:00:00,0.9873401276595745
2018-07-03 00:00:00,1.1138170086206898
2018-07-06 00:00:00,0.68545858125
2018-07-09 00:00:00,1.0604153529411764
2018-07-12 00:00:00,1.1791594822695035
2018-07-15 00:00:00,0.7739460902255639
2018-07-18 00:00:00,1.0464742471264368
2018-07-21 00:00:00,0.7157412262773724
2018-07-24 00:00:00,0.9174355534591195
2018-07-27 00:00:00,0.8862760538922156
2018-07-30 00:00:00,0.9110878880597014
2018-08-02 00:00:00,0.8069384509803922
2018-08-05 00:00:00,0.57810536875
2018-08-08 00:00:00,0.812957789808917
2018-08-11 00:00:00,0.611510917647059
2018-08-14 00:00:00,1.0117929191176473
2018-08-17 00:00:00,0.8330294539473682
2018-08-20 00:00:00,0.8181815733333333
2018-08-23 00:00:00,0.7683911543624162
2018-08-26 00:00:00,0.569715502890173
2018-08-29 00:00:00,0.9078861798561149
2018-09-01 00:00:00,0.7692960529801325
2018-09-04 00:00:00,0.957670738095238
2018-09-07 00:00:00,0.8899113355263158
2018-09-10 00:00:00,0.8990617555555555
2018-09-13 00:00:00,0.8190589527027026
2018-09-16 00:00:00,0.6273283956834533
2018-09-19 00:00:00,0.8044372435897431
2018-09-22 00:00:00,0.7320389032258064
2018-09-25 00:00:00,0.7682407810650889
2018-09-28 00:00:00,0.8551686688311685
2018-10-01 00:00:00,0.8571059177215192
2018-10-04 00:00:00,0.7986400533333331
2018-10-07 00:00:00,0.8318934788732394
2018-10-10 00:00:00,0.8969055208333336
2018-10-13 00:00:00,0.8620221914893615
2018-10-16 00:00:00,1.0662738148148145
2018-10-19 00:00:00,1.0181478450704222
2018-10-22 00:00:00,0.9165395677419353
2018-10-25 00:00:00,1.035430299270073
2018-10-28 00:00:00,0.8282876142857145
2018-10-31 00:00:00,0.9182929631901839
2018-11-03 00:00:00,0.8855505031055897
2018-11-06 00:00:00,1.0720384374999998
2018-11-09 00:00:00,1.135195779527559
2018-11-12 00:00:00,1.0668775714285712
2018-11-15 00:00:00,1.1936450708661415
2018-11-18 00:00:00,0.9542746991869915
2018-11-21 00:00:00,1.213546219047619
2018-11-24 00:00:00,0.980274237762238
2018-11-27 00:00:00,1.0712540381679387
2018-11-30 00:00:00,1.2097913663366338
2018-12-03 00:00:00,1.101028245614035
2018-12-06 00:00:00,1.0919297703703705
2018-12-09 00:00:00,0.9488416250000002
2018-12-12 00:00:00,1.1335624999999996
2018-12-15 00:00:00,0.9418543959731542
2018-12-18 00:00:00,1.0783952968750004
2018-12-21 00:00:00,1.048346285714286
2018-12-24 00:00:00,0.9327353552631577
2018-12-27 00:00:00,0.8856214080459768
2018-12-30 00:00:00,0.7624867897727274
2019-01-02 00:00:00,0.9478606622516554
2019-01-05 00:00:00,0.8129458220858895
2019-01-08 00:00:00,0.86793
2019-01-11 00:00:00,0.9831647027027025
2019-01-14 00:00:00,0.9566479664429528
2019-01-17 00:00:00,1.097214181102362
2019-01-20 00:00:00,0.8057850573248406
2019-01-23 00:00:00,1.026111376712329
2019-01-26 00:00:00,0.9807354600000004
2019-01-29 00:00:00,1.0102227876712329
2019-02-01 00:00:00,1.024592436708861
2019-02-04 00:00:00,1.0123985306122454
2019-02-07 00:00:00,0.9422169022988502
2019-02-10 00:00:00,0.8992409785714285
2019-02-13 00:00:00,1.1532856209150324
2019-02-16 00:00:00,1.0087600266666663
2019-02-19 00:00:00,1.0604712564102565
2019-02-22 00:00:00,1.0851842283950621
2019-02-25 00:00:00,1.109526160839161
2019-02-28 00:00:00,1.130737273333333
2019-03-03 00:00:00,1.003580383561644
2019-03-06 00:00:00,1.235649304687499
2019-03-09 00:00:00,0.8824235144927537
2019-03-12 00:00:00,1.0041611328671327
2019-03-15 00:00:00,0.9875884117647058
2019-03-18 00:00:00,0.9269427329192544
2019-03-21 00:00:00,1.039646356643356
2019-03-24 00:00:00,0.7536465866666666
2019-03-27 00:00:00,1.1996298187919465
2019-03-30 00:00:00,1.204920208633093
2019-04-02 00:00:00,1.2155069745222935
2019-04-05 00:00:00,1.2409688544303794
2019-04-08 00:00:00,1.2183711148648657
2019-04-11 00:00:00,1.2016928471337578
2019-04-14 00:00:00,1.1962663852459015
2019-04-17 00:00:00,1.2293803333333335
2019-04-20 00:00:00,1.2405564809160305
2019-04-23 00:00:00,1.2557673879310347
2019-04-26 00:00:00,1.2554907086092708
2019-04-29 00:00:00,1.2032676134969331
2019-05-02 00:00:00,1.1008615108695659
2019-05-05 00:00:00,1.1963081860465115
2019-05-08 00:00:00,1.2430734473684215
2019-05-11 00:00:00,1.2405947846153849
2019-05-14 00:00:00,1.2306871184210526
2019-05-17 00:00:00,1.2614047086092717
2019-05-20 00:00:00,1.177317633540373
2019-05-23 00:00:00,1.2269951645569626
2019-05-26 00:00:00,1.0013564303030305
2019-05-29 00:00:00,1.2242510229885053
2019-06-01 00:00:00,1.244086251655629
2019-06-04 00:00:00,1.2532584740259742
2019-06-07 00:00:00,1.1877808037974686
2019-06-10 00:00:00,1.1508105668789812
2019-06-13 00:00:00,1.2641888410596027
2019-06-16 00:00:00,1.1751217153846156
2019-06-19 00:00:00,1.1595576271186439
2019-06-22 00:00:00,1.209288709219859
2019-06-25 00:00:00,1.2457642465753425
2019-06-28 00:00:00,1.2554882085889574
2019-07-01 00:00:00,1.26303334965035
2019-07-04 00:00:00,1.1396880419161681
2019-07-07 00:00:00,0.9568075882352944
2019-07-10 00:00:00,1.2702368914728683
2019-07-13 00:00:00,1.0485825886524827
2019-07-16 00:00:00,1.0988752777777782
2019-07-19 00:00:00,1.2629043728813565
2019-07-22 00:00:00,1.0044854683544309
2019-07-25 00:00:00,1.1333307866666662
2019-07-28 00:00:00,0.7036465600000004
2019-07-31 00:00:00,1.007365485380116
2019-08-03 00:00:00,0.8475325144508672
2019-08-06 00:00:00,1.1452951739130435
2019-08-09 00:00:00,1.156579727891156
2019-08-12 00:00:00,1.03599922556391
2019-08-15 00:00:00,1.0661465796178342
2019-08-18 00:00:00,0.9495091666666665
2019-08-21 00:00:00,1.1884140147058826
2019-08-24 00:00:00,0.9771272812500003
2019-08-27 00:00:00,1.1597393777777776
2019-08-30 00:00:00,1.0054113000000007
2019-09-02 00:00:00,1.0557643557046985
2019-09-05 00:00:00,1.0207825575757572
2019-09-08 00:00:00,0.7071721299435032
2019-09-11 00:00:00,0.953451777173913
2019-09-14 00:00:00,0.9036613290322583
2019-09-17 00:00:00,1.1577124121621623
2019-09-20 00:00:00,1.0402620132450338
2019-09-23 00:00:00,1.2437195263157896
2019-09-26 00:00:00,0.9707375029239765
2019-09-29 00:00:00,0.8990549705882354
2019-10-02 00:00:00,1.0059679256756762
2019-10-05 00:00:00,0.8854886582278477
2019-10-08 00:00:00,0.966500944444444
2019-10-11 00:00:00,1.0170746730769233
2019-10-14 00:00:00,1.0593713185185183
2019-10-17 00:00:00,1.0985979799999996
2019-10-20 00:00:00,0.8452966095890408
2019-10-23 00:00:00,0.9784115238095229
2019-10-26 00:00:00,1.225023578571429
2019-10-29 00:00:00,1.1592507067669175
2019-11-01 00:00:00,1.2410929076923078
2019-11-04 00:00:00,1.1650715606060604
2019-11-07 00:00:00,1.1787819851851846
2019-11-10 00:00:00,0.8291429156626502
2019-11-13 00:00:00,1.155403251851852
2019-11-16 00:00:00,1.1715040540540544
2019-11-19 00:00:00,1.14381743537415
2019-11-22 00:00:00,1.250728333333333
2019-11-25 00:00:00,1.0760814240000003
2019-11-28 00:00:00,0.8734424417177921
2019-12-01 00:00:00,0.8706229640287766
2019-12-04 00:00:00,0.9343516526946108
