2009-01-03 00:00:00,0.00000004971026962962963
2009-01-06 00:00:00,0.0
2009-01-09 00:00:00,0.0000006959437748148148
2009-01-12 00:00:00,0.000004424213997037036
2009-01-15 00:00:00,0.000006313204242962964
2009-01-18 00:00:00,0.000005020737232592592
2009-01-21 00:00:00,0.0000056172604681481475
2009-01-24 00:00:00,0.000009892343656296296
2009-01-27 00:00:00,0.0000051201577718518525
2009-01-30 00:00:00,0.000006014942625185187
2009-02-02 00:00:00,0.000006313204242962964
2009-02-05 00:00:00,0.000006014942625185187
2009-02-08 00:00:00,0.000006661176130370369
2009-02-11 00:00:00,0.000006512045321481483
2009-02-14 00:00:00,0.000007009148017777777
2009-02-17 00:00:00,0.0000058658118162962975
2009-02-20 00:00:00,0.0000063629145125925925
2009-02-23 00:00:00,0.000005318998850370371
2009-02-26 00:00:00,0.000004772185884444444
2009-03-01 00:00:00,0.000005269288580740741
2009-03-04 00:00:00,0.000005269288580740741
2009-03-07 00:00:00,0.000005517839928888888
2009-03-10 00:00:00,0.000005219578311111112
2009-03-13 00:00:00,0.000005666970737777776
2009-03-16 00:00:00,0.000006462335051851852
2009-03-19 00:00:00,0.000006064652894814814
2009-03-22 00:00:00,0.000004722475614814816
2009-03-25 00:00:00,0.000005766391277037038
2009-03-28 00:00:00,0.000005915522085925926
2009-03-31 00:00:00,0.0000056172604681481475
2009-04-03 00:00:00,0.0000056172604681481475
2009-04-06 00:00:00,0.000005716681007407408
2009-04-09 00:00:00,0.000004921316693333333
2009-04-12 00:00:00,0.000005716681007407408
2009-04-15 00:00:00,0.000005567550198518519
2009-04-18 00:00:00,0.000006064652894814814
2009-04-21 00:00:00,0.000006114363164444444
2009-04-24 00:00:00,0.0000056172604681481475
2009-04-27 00:00:00,0.000005219578311111112
2009-04-30 00:00:00,0.000006561755591111111
2009-05-03 00:00:00,0.000005666970737777776
2009-05-06 00:00:00,0.0000068103069392592595
2009-05-09 00:00:00,0.000004523634536296296
2009-05-12 00:00:00,0.000006313204242962964
2009-05-15 00:00:00,0.000007108568557037038
2009-05-18 00:00:00,0.000006164073434074074
2009-05-21 00:00:00,0.000004424213997037036
2009-05-24 00:00:00,0.000004772185884444444
2009-05-27 00:00:00,0.000006213783703703704
2009-05-30 00:00:00,0.0000051201577718518525
2009-06-02 00:00:00,0.000004424213997037036
2009-06-05 00:00:00,0.000002833485368888888
2009-06-08 00:00:00,0.000003579139413333334
2009-06-11 00:00:00,0.000004623055075555557
2009-06-14 00:00:00,0.000003479718874074074
2009-06-17 00:00:00,0.000003827690761481482
2009-06-20 00:00:00,0.000004175662648888889
2009-06-23 00:00:00,0.0000037779804918518514
2009-06-26 00:00:00,0.000004424213997037036
2009-06-29 00:00:00,0.0000037779804918518514
2009-07-02 00:00:00,0.000003579139413333334
2009-07-05 00:00:00,0.00000397682157037037
2009-07-08 00:00:00,0.0000039271113007407404
2009-07-11 00:00:00,0.000004175662648888889
2009-07-14 00:00:00,0.000003579139413333334
2009-07-17 00:00:00,0.000003231167525925926
2009-07-20 00:00:00,0.000003728270222222222
2009-07-23 00:00:00,0.0000032808777955555556
2009-07-26 00:00:00,0.0000006462335051851851
2009-07-29 00:00:00,0.0000015907286281481481
2009-08-01 00:00:00,0.0000011433362014814815
2009-08-04 00:00:00,0.000002883195638518519
2009-08-07 00:00:00,0.0000036785599525925925
2009-08-10 00:00:00,0.00000407624210962963
2009-08-13 00:00:00,0.00000402653184
2009-08-16 00:00:00,0.0000012427567407407407
2009-08-19 00:00:00,0.0000007456540444444445
2009-08-22 00:00:00,0.00000039768215703703703
2009-08-25 00:00:00,0.0000027340648296296292
2009-08-28 00:00:00,0.0000031814572562962963
2009-08-31 00:00:00,0.000004672765345185185
2009-09-03 00:00:00,0.000002982616177777778
2009-09-06 00:00:00,0.000003579139413333334
2009-09-09 00:00:00,0.000002883195638518519
2009-09-12 00:00:00,0.000003529429143703703
2009-09-15 00:00:00,0.0000027837750992592593
2009-09-18 00:00:00,0.00000402653184
2009-09-21 00:00:00,0.0000036785599525925925
2009-09-24 00:00:00,0.00000407624210962963
2009-09-27 00:00:00,0.000004424213997037036
2009-09-30 00:00:00,0.000004324793457777778
2009-10-03 00:00:00,0.000002883195638518519
2009-10-06 00:00:00,0.000002038121054814815
2009-10-09 00:00:00,0.000003877401031111112
2009-10-12 00:00:00,0.000003082036717037037
2009-10-15 00:00:00,0.000004225372918518518
2009-10-18 00:00:00,0.0000031814572562962963
2009-10-21 00:00:00,0.000004125952379259259
2009-10-24 00:00:00,0.000003728270222222222
2009-10-27 00:00:00,0.0000032808777955555556
2009-10-30 00:00:00,0.000003032326447407407
2009-11-02 00:00:00,0.0000016404388977777778
2009-11-05 00:00:00,0.0000031814572562962963
2009-11-08 00:00:00,0.000003479718874074074
2009-11-11 00:00:00,0.0000034300086044444446
2009-11-14 00:00:00,0.000004125952379259259
2009-11-17 00:00:00,0.000004523634536296296
2009-11-20 00:00:00,0.00000407624210962963
2009-11-23 00:00:00,0.000004772185884444444
2009-11-26 00:00:00,0.000003877401031111112
2009-11-29 00:00:00,0.000002883195638518519
2009-12-02 00:00:00,0.000004871606423703704
2009-12-05 00:00:00,0.0000025849340207407402
2009-12-08 00:00:00,0.000005915522085925926
2009-12-11 00:00:00,0.000006213783703703704
2009-12-14 00:00:00,0.000005368709120000001
2009-12-17 00:00:00,0.000008003353410370372
2009-12-20 00:00:00,0.000008699297185185189
2009-12-23 00:00:00,0.000008401035567407407
2009-12-26 00:00:00,0.00000790393287111111
2009-12-29 00:00:00,0.00000815248421925926
2010-01-01 00:00:00,0.000006997468320659102
2010-01-04 00:00:00,0.000011172428411136384
2010-01-07 00:00:00,0.000009349558512477287
2010-01-10 00:00:00,0.000011231230665931837
2010-01-13 00:00:00,0.00001025024849028375
2010-01-16 00:00:00,0.000008693248719607735
2010-01-19 00:00:00,0.00000772012386293523
2010-01-22 00:00:00,0.000009731248566725078
2010-01-25 00:00:00,0.0000135648225052015
2010-01-28 00:00:00,0.000011560168933004236
2010-01-31 00:00:00,0.000013765287862421233
2010-02-03 00:00:00,0.00001623769393479786
2010-02-06 00:00:00,0.000017267452236824075
2010-02-09 00:00:00,0.00001889475140050383
2010-02-12 00:00:00,0.0000169058302004508
2010-02-15 00:00:00,0.000023246091421507657
2010-02-18 00:00:00,0.00002877489154337974
2010-02-21 00:00:00,0.00002689007332001426
2010-02-24 00:00:00,0.000035713053625946364
2010-02-27 00:00:00,0.000032517675143624845
2010-03-02 00:00:00,0.000036840834266765716
2010-03-05 00:00:00,0.00003289360202389797
2010-03-08 00:00:00,0.00003063281618934752
2010-03-11 00:00:00,0.0000328852291444466
2010-03-14 00:00:00,0.000028155161938738532
2010-03-17 00:00:00,0.00002770467934771872
2010-03-20 00:00:00,0.0000434715700334123
2010-03-23 00:00:00,0.000046521773231088286
2010-03-26 00:00:00,0.000044252418439327874
2010-03-29 00:00:00,0.000043571612001799756
2010-04-01 00:00:00,0.00005717452188839274
2010-04-04 00:00:00,0.000050216775838482504
2010-04-07 00:00:00,0.00005838456467968146
2010-04-10 00:00:00,0.00007260256747732412
2010-04-13 00:00:00,0.0000641394958031167
2010-04-16 00:00:00,0.00007852229183169441
2010-04-19 00:00:00,0.0000843531550865232
2010-04-22 00:00:00,0.00010087127867660567
2010-04-25 00:00:00,0.000096312124838115
2010-04-28 00:00:00,0.00009973149021698303
2010-05-01 00:00:00,0.00009289275945924704
2010-05-04 00:00:00,0.00008303572664384576
2010-05-07 00:00:00,0.00008367446300264456
2010-05-10 00:00:00,0.00008750688115543745
2010-05-13 00:00:00,0.00008303572664384576
2010-05-16 00:00:00,0.00006131869044468608
2010-05-19 00:00:00,0.00010347529012540778
2010-05-22 00:00:00,0.00011306480551985848
2010-05-25 00:00:00,0.00012660902701442487
2010-05-28 00:00:00,0.00012896454379608858
2010-05-31 00:00:00,0.0001255731106341334
2010-06-03 00:00:00,0.0001297038050628878
2010-06-06 00:00:00,0.00012474697174838254
2010-06-09 00:00:00,0.00013383449949164219
2010-06-12 00:00:00,0.00011837326941803426
2010-06-15 00:00:00,0.00016935153872945044
2010-06-18 00:00:00,0.0001278776925099932
2010-06-21 00:00:00,0.00013997423099066826
2010-06-24 00:00:00,0.00017556041368173026
2010-06-27 00:00:00,0.000153374207557116
2010-06-30 00:00:00,0.00017748964899691415
2010-07-03 00:00:00,0.00019292353151838492
2010-07-06 00:00:00,0.00019626664397521398
2010-07-09 00:00:00,0.00022079997447211572
2010-07-12 00:00:00,0.0005993142164243141
2010-07-15 00:00:00,0.001407832274742945
2010-07-18 00:00:00,0.0016153972896088917
2010-07-21 00:00:00,0.0018229623044748384
2010-07-24 00:00:00,0.0016695446847913127
2010-07-27 00:00:00,0.002124483404232503
2010-07-30 00:00:00,0.002209462740401802
2010-08-02 00:00:00,0.0030835359124288895
2010-08-05 00:00:00,0.0029621368607584604
2010-08-08 00:00:00,0.003361157501926493
2010-08-11 00:00:00,0.003798808218323172
2010-08-14 00:00:00,0.0045690734791813264
2010-08-17 00:00:00,0.0033326924494137622
2010-08-20 00:00:00,0.004248546862993116
2010-08-23 00:00:00,0.005520566881853332
2010-08-26 00:00:00,0.005291603278458492
2010-08-29 00:00:00,0.00489621994967136
2010-09-01 00:00:00,0.0054540171591275916
2010-09-04 00:00:00,0.005546983360703629
2010-09-07 00:00:00,0.004679298812660604
2010-09-10 00:00:00,0.006059846500232116
2010-09-13 00:00:00,0.005811782608409748
2010-09-16 00:00:00,0.006733162778035684
2010-09-19 00:00:00,0.009581378861136807
2010-09-22 00:00:00,0.00789323115703175
2010-09-25 00:00:00,0.00921637395214112
2010-09-28 00:00:00,0.009855132542883572
2010-10-01 00:00:00,0.010226025224321759
2010-10-04 00:00:00,0.010094922336830455
2010-10-07 00:00:00,0.011340399767997849
2010-10-10 00:00:00,0.011274848324252195
2010-10-13 00:00:00,0.01157686362736774
2010-10-16 00:00:00,0.016372014242253787
2010-10-19 00:00:00,0.016646022848818706
2010-10-22 00:00:00,0.01634475344072654
2010-10-25 00:00:00,0.02243397531080113
2010-10-28 00:00:00,0.022968117580105918
2010-10-31 00:00:00,0.027971775549216243
2010-11-03 00:00:00,0.030891905963694864
2010-11-06 00:00:00,0.03104559703814111
2010-11-09 00:00:00,0.05412080801265033
2010-11-12 00:00:00,0.03856107570901336
2010-11-15 00:00:00,0.04983624404498218
2010-11-18 00:00:00,0.05930738544719598
2010-11-21 00:00:00,0.04608297675356953
2010-11-24 00:00:00,0.06315074592155825
2010-11-27 00:00:00,0.0624680351548387
2010-11-30 00:00:00,0.08432954552237283
2010-12-03 00:00:00,0.0771012987633123
2010-12-06 00:00:00,0.0963766234541404
2010-12-09 00:00:00,0.10039231609806291
2010-12-12 00:00:00,0.10597473681672506
2010-12-15 00:00:00,0.10901998787467694
2010-12-18 00:00:00,0.09622993343127909
2010-12-21 00:00:00,0.11998289168330367
2010-12-24 00:00:00,0.10800174245037712
2010-12-27 00:00:00,0.11592187023007146
2010-12-30 00:00:00,0.11520185861373562
2011-01-02 00:00:00,0.12960209094045258
2011-01-05 00:00:00,0.12159694377268424
2011-01-08 00:00:00,0.15564408802903584
2011-01-11 00:00:00,0.13132469927449902
2011-01-14 00:00:00,0.14105245477631373
2011-01-17 00:00:00,0.158561467414078
2011-01-20 00:00:00,0.15397876604372893
2011-01-23 00:00:00,0.1558118465918685
2011-01-26 00:00:00,0.17872535344361393
2011-01-29 00:00:00,0.16413621172528547
2011-02-01 00:00:00,0.19586921265884066
2011-02-04 00:00:00,0.2079058681853616
2011-02-07 00:00:00,0.22541373076939208
2011-02-10 00:00:00,0.24425634638035917
2011-02-13 00:00:00,0.26364177069626066
2011-02-16 00:00:00,0.29853553446488335
2011-02-19 00:00:00,0.31898782250918756
2011-02-22 00:00:00,0.3842353316587939
2011-02-25 00:00:00,0.40235963975590694
2011-02-28 00:00:00,0.46148277908952673
2011-03-03 00:00:00,0.505696698044212
2011-03-06 00:00:00,0.746109882360313
2011-03-09 00:00:00,0.5984337929453174
2011-03-12 00:00:00,0.518895124262712
2011-03-15 00:00:00,0.3673928982006062
2011-03-18 00:00:00,0.5226826799142645
2011-03-21 00:00:00,0.5870711259906595
2011-03-24 00:00:00,0.5757084590360017
2011-03-27 00:00:00,0.5246223536806028
2011-03-30 00:00:00,0.5349090664978695
2011-04-02 00:00:00,0.6480629074878036
2011-04-05 00:00:00,0.6926386630292928
2011-04-08 00:00:00,0.6385741707822508
2011-04-11 00:00:00,0.6303873224388886
2011-04-14 00:00:00,0.6672281399840183
2011-04-17 00:00:00,0.7286295025592348
2011-04-20 00:00:00,0.6610498050060507
2011-04-23 00:00:00,0.7804060197988096
2011-04-26 00:00:00,0.8859903636539428
2011-04-29 00:00:00,0.927305976466821
2011-05-02 00:00:00,0.9704082775389921
2011-05-05 00:00:00,1.2429948723533155
2011-05-08 00:00:00,1.1230567706350132
2011-05-11 00:00:00,1.4633146028177222
2011-05-14 00:00:00,1.940652521383931
2011-05-17 00:00:00,2.0345550627412177
2011-05-20 00:00:00,2.7182170595377126
2011-05-23 00:00:00,3.361366631660475
2011-05-26 00:00:00,3.8588974327365735
2011-05-29 00:00:00,3.73988894768231
2011-06-01 00:00:00,3.8479782236268854
2011-06-04 00:00:00,4.669456720805659
2011-06-07 00:00:00,4.765651499200996
2011-06-10 00:00:00,6.373001413132693
2011-06-13 00:00:00,6.908784717776592
2011-06-16 00:00:00,8.762322509420116
2011-06-19 00:00:00,9.547008107278637
2011-06-22 00:00:00,11.770283967877772
2011-06-25 00:00:00,10.352563098357464
2011-06-28 00:00:00,10.489683139395312
2011-07-01 00:00:00,12.34080369340625
2011-07-04 00:00:00,11.243843365103471
2011-07-07 00:00:00,10.567001865081213
2011-07-10 00:00:00,11.18859021008599
2011-07-13 00:00:00,14.218833391984282
2011-07-16 00:00:00,12.354068356969947
2011-07-19 00:00:00,12.74256107259793
2011-07-22 00:00:00,12.019848738804129
2011-07-25 00:00:00,13.196617146798937
2011-07-28 00:00:00,14.03716600965237
2011-07-31 00:00:00,14.121220895937718
2011-08-03 00:00:00,14.928843326957608
2011-08-06 00:00:00,11.642619953099018
2011-08-09 00:00:00,12.487648820662656
2011-08-12 00:00:00,12.863217206246498
2011-08-15 00:00:00,13.426569784622256
2011-08-18 00:00:00,14.182376319146357
2011-08-21 00:00:00,13.015471938457102
2011-08-24 00:00:00,11.758805682330213
2011-08-27 00:00:00,11.758805682330213
2011-08-30 00:00:00,13.91309069283345
2011-09-02 00:00:00,14.31653111223681
2011-09-05 00:00:00,13.609541921509065
2011-09-08 00:00:00,11.046706105120997
2011-09-11 00:00:00,12.195563540053579
2011-09-14 00:00:00,13.263925230209253
2011-09-17 00:00:00,10.73330791655091
2011-09-20 00:00:00,12.12951057236241
2011-09-23 00:00:00,11.693197242421315
2011-09-26 00:00:00,11.954985240385973
2011-09-29 00:00:00,11.252954012115648
2011-10-02 00:00:00,11.001022205874257
2011-10-05 00:00:00,11.504885818357044
2011-10-08 00:00:00,10.83306766837999
2011-10-11 00:00:00,8.90159048719596
2011-10-14 00:00:00,11.168976743368518
2011-10-17 00:00:00,8.247236132843456
2011-10-20 00:00:00,7.51739222728209
2011-10-23 00:00:00,7.663361008394363
2011-10-26 00:00:00,7.955298570618909
2011-10-29 00:00:00,8.685142476180278
2011-11-01 00:00:00,8.734364860003867
2011-11-04 00:00:00,8.554891609455842
2011-11-07 00:00:00,7.8369986072637445
2011-11-10 00:00:00,8.674540443154525
2011-11-13 00:00:00,8.794189276853206
2011-11-16 00:00:00,7.88415816372673
2011-11-19 00:00:00,7.647040624968031
2011-11-22 00:00:00,8.002716933106079
2011-11-25 00:00:00,7.7063200096577065
2011-11-28 00:00:00,7.350643701519658
2011-12-01 00:00:00,10.03065755075347
2011-12-04 00:00:00,7.428108564612029
2011-12-07 00:00:00,7.970306270058161
2011-12-10 00:00:00,8.512503975504297
2011-12-13 00:00:00,7.406827444791928
2011-12-16 00:00:00,7.119741109722475
2011-12-19 00:00:00,8.67000731909753
2011-12-22 00:00:00,7.923582847916949
2011-12-25 00:00:00,9.99060446041702
2011-12-28 00:00:00,8.649061208757736
2011-12-31 00:00:00,9.28332569739997
2012-01-03 00:00:00,9.340986105458354
2012-01-06 00:00:00,9.802269369925433
2012-01-09 00:00:00,10.01025621817098
2012-01-12 00:00:00,10.321133740474428
2012-01-15 00:00:00,9.20197466018202
2012-01-18 00:00:00,8.828921633417881
2012-01-21 00:00:00,11.129415298463389
2012-01-24 00:00:00,8.776016470072133
2012-01-27 00:00:00,9.0360465877039
2012-01-30 00:00:00,10.791249881718326
2012-02-02 00:00:00,10.596227293494497
2012-02-05 00:00:00,9.3272398828152
2012-02-08 00:00:00,9.052909298026517
2012-02-11 00:00:00,9.464405175209542
2012-02-14 00:00:00,9.3272398828152
2012-02-17 00:00:00,9.738735759998223
2012-02-20 00:00:00,9.988788096961398
2012-02-23 00:00:00,11.493947947188458
2012-02-26 00:00:00,10.399286237932417
2012-02-29 00:00:00,12.725442370101506
2012-03-03 00:00:00,8.855409941032118
2012-03-06 00:00:00,11.013451019098767
2012-03-09 00:00:00,12.35292479169186
2012-03-12 00:00:00,12.576170420457375
2012-03-15 00:00:00,9.599562036917167
2012-03-18 00:00:00,11.618976214585379
2012-03-21 00:00:00,12.065859915146353
2012-03-24 00:00:00,12.810666082747979
2012-03-27 00:00:00,11.023131280504076
2012-03-30 00:00:00,12.12846181858117
2012-04-02 00:00:00,10.268764339732062
2012-04-05 00:00:00,9.621913042741063
2012-04-08 00:00:00,11.805036170085673
2012-04-11 00:00:00,11.56246693371405
2012-04-14 00:00:00,10.432321141754098
2012-04-17 00:00:00,11.138267685181068
2012-04-20 00:00:00,12.157968247908913
2012-04-23 00:00:00,11.608898714132383
2012-04-26 00:00:00,12.079529743083695
2012-04-29 00:00:00,12.448738293526235
2012-05-02 00:00:00,11.548829501223135
2012-05-05 00:00:00,11.698814299940318
2012-05-08 00:00:00,13.948586280698072
2012-05-11 00:00:00,10.597460179012902
2012-05-14 00:00:00,12.320624435762966
2012-05-17 00:00:00,10.166669114825385
2012-05-20 00:00:00,12.234466222925459
2012-05-23 00:00:00,10.425143753337894
2012-05-26 00:00:00,10.677523322841601
2012-05-29 00:00:00,10.756616088195981
2012-06-01 00:00:00,11.943007568511717
2012-06-04 00:00:00,11.943007568511717
2012-06-07 00:00:00,9.965688434652158
2012-06-10 00:00:00,13.379033603576715
2012-06-13 00:00:00,12.749432022231929
2012-06-16 00:00:00,12.592031626895736
2012-06-19 00:00:00,14.323435975593897
2012-06-22 00:00:00,12.101760575932378
2012-06-25 00:00:00,13.131697646224497
2012-06-28 00:00:00,11.586792040786321
2012-07-01 00:00:00,11.844276308359351
2012-07-04 00:00:00,13.84337907413583
2012-07-07 00:00:00,14.801097123289882
2012-07-10 00:00:00,13.146856856569247
2012-07-13 00:00:00,14.01750962852748
2012-07-16 00:00:00,12.885661024981781
2012-07-19 00:00:00,13.267370545873131
2012-07-22 00:00:00,12.896255285848707
2012-07-25 00:00:00,14.287937510940294
2012-07-28 00:00:00,15.772398551037984
2012-07-31 00:00:00,13.46538137245356
2012-08-03 00:00:00,17.515120131086213
2012-08-06 00:00:00,14.27532912418009
2012-08-09 00:00:00,16.097711565564783
2012-08-12 00:00:00,18.405542938256648
2012-08-15 00:00:00,18.623360014449037
2012-08-18 00:00:00,16.118463638236594
2012-08-21 00:00:00,19.71244539541097
2012-08-24 00:00:00,16.98973194300614
2012-08-27 00:00:00,18.077425306843857
2012-08-30 00:00:00,19.16935032537804
2012-09-02 00:00:00,18.56272531508127
2012-09-05 00:00:00,21.838500370683843
2012-09-08 00:00:00,18.749059019116366
2012-09-11 00:00:00,21.15965232157418
2012-09-14 00:00:00,21.695339722120366
2012-09-17 00:00:00,23.570245624032005
2012-09-20 00:00:00,20.929447944362895
2012-09-23 00:00:00,21.214202338163744
2012-09-26 00:00:00,20.359939156761182
2012-09-29 00:00:00,23.919369079271878
2012-10-02 00:00:00,19.363298778458184
2012-10-05 00:00:00,20.65110468564794
2012-10-08 00:00:00,25.20649542512911
2012-10-11 00:00:00,20.954797401613355
2012-10-14 00:00:00,20.954797401613355
2012-10-17 00:00:00,21.53435777796887
2012-10-20 00:00:00,21.076179952905708
2012-10-23 00:00:00,20.92345401121798
2012-10-26 00:00:00,24.58887661172332
2012-10-29 00:00:00,24.13069878666015
2012-11-01 00:00:00,22.175160378471954
2012-11-04 00:00:00,26.281671559670464
2012-11-07 00:00:00,25.788890217926646
2012-11-10 00:00:00,26.281671559670464
2012-11-13 00:00:00,22.774875911044717
2012-11-16 00:00:00,23.61218752542136
2012-11-19 00:00:00,20.59786571366544
2012-11-22 00:00:00,24.61696146267333
2012-11-25 00:00:00,23.61218752542136
2012-11-28 00:00:00,28.89039648737294
2012-12-01 00:00:00,27.351854662601607
2012-12-04 00:00:00,18.97534917217986
2012-12-07 00:00:00,21.19768736351624
2012-12-10 00:00:00,24.27477101305892
2012-12-13 00:00:00,22.78443984824414
2012-12-16 00:00:00,19.266254283441732
2012-12-19 00:00:00,23.957168369844936
2012-12-22 00:00:00,24.124701015787913
2012-12-25 00:00:00,20.606515450985505
2012-12-28 00:00:00,26.068862974230406
2012-12-31 00:00:00,24.88391465721993
2013-01-03 00:00:00,23.69896634020946
2013-01-06 00:00:00,21.032832626935893
2013-01-09 00:00:00,21.645822126641136
2013-01-12 00:00:00,19.222782336345496
2013-01-15 00:00:00,20.515070224503173
2013-01-18 00:00:00,20.191998252463748
2013-01-21 00:00:00,23.58425395887766
2013-01-24 00:00:00,23.907325930917082
2013-01-27 00:00:00,22.431950578541272
2013-01-30 00:00:00,21.39890022295055
2013-02-02 00:00:00,23.760158178586476
2013-02-05 00:00:00,28.005767174802582
2013-02-08 00:00:00,24.749282619592986
2013-02-11 00:00:00,25.889052213916344
2013-02-14 00:00:00,26.70317335271874
2013-02-17 00:00:00,30.28530636344931
2013-02-20 00:00:00,31.398249656802506
2013-02-23 00:00:00,29.40182915839309
2013-02-26 00:00:00,28.13137975031438
2013-03-01 00:00:00,34.306270406283325
2013-03-04 00:00:00,37.99745139936445
2013-03-07 00:00:00,33.0035006440194
2013-03-10 00:00:00,40.168734336470976
2013-03-13 00:00:00,33.437757231440706
2013-03-16 00:00:00,42.412101071733794
2013-03-19 00:00:00,47.472635858702034
2013-03-22 00:00:00,54.22001557465967
2013-03-25 00:00:00,45.26778086653876
2013-03-28 00:00:00,59.58038805228263
2013-03-31 00:00:00,52.25765879446019
2013-04-03 00:00:00,59.2475367223816
2013-04-06 00:00:00,64.07971834311364
2013-04-09 00:00:00,64.07971834311364
2013-04-12 00:00:00,65.98685281761105
2013-04-15 00:00:00,61.02830318391775
2013-04-18 00:00:00,72.71669196569827
2013-04-21 00:00:00,77.62395338669631
2013-04-24 00:00:00,78.07006806133252
2013-04-27 00:00:00,70.93223326715352
2013-04-30 00:00:00,74.63339017917754
2013-05-03 00:00:00,73.6315997069738
2013-05-06 00:00:00,81.6459234846036
2013-05-09 00:00:00,83.14860919290919
2013-05-12 00:00:00,89.15935202613153
2013-05-15 00:00:00,81.74987296858862
2013-05-18 00:00:00,81.74987296858862
2013-05-21 00:00:00,82.8621161382293
2013-05-24 00:00:00,90.09169674089361
2013-05-27 00:00:00,103.91369215821098
2013-05-30 00:00:00,102.10124403917243
2013-06-02 00:00:00,123.24647209462233
2013-06-05 00:00:00,156.70356208219206
2013-06-08 00:00:00,130.3277149990508
2013-06-11 00:00:00,136.5337966656723
2013-06-14 00:00:00,133.4307558323615
2013-06-17 00:00:00,148.04940044623763
2013-06-20 00:00:00,140.35852250097855
2013-06-23 00:00:00,169.1993147957002
2013-06-26 00:00:00,181.6969914567462
2013-06-29 00:00:00,170.7541790257701
2013-07-02 00:00:00,166.5118391741982
2013-07-05 00:00:00,187.72353843205784
2013-07-08 00:00:00,197.26880309809468
2013-07-11 00:00:00,249.70821205766973
2013-07-14 00:00:00,211.99186752812588
2013-07-17 00:00:00,219.79524915492806
2013-07-20 00:00:00,243.20539403533465
2013-07-23 00:00:00,225.29983210912
2013-07-26 00:00:00,276.57496631326455
2013-07-29 00:00:00,257.92946296630294
2013-08-01 00:00:00,287.45150993232545
2013-08-04 00:00:00,317.85556724995376
2013-08-07 00:00:00,327.149589684163
2013-08-10 00:00:00,369.90209288152516
2013-08-13 00:00:00,484.95276558004275
2013-08-16 00:00:00,434.4368524987882
2013-08-19 00:00:00,449.59162642316454
2013-08-22 00:00:00,525.3654960450463
2013-08-25 00:00:00,467.3888101990783
2013-08-28 00:00:00,545.8316874352872
2013-08-31 00:00:00,702.7174419077049
2013-09-03 00:00:00,604.6638453624438
2013-09-06 00:00:00,821.0781130934571
2013-09-09 00:00:00,834.0425043528276
2013-09-12 00:00:00,898.8644606496791
2013-09-15 00:00:00,1024.5795805622297
2013-09-18 00:00:00,845.4181238518945
2013-09-21 00:00:00,1046.9747626510218
2013-09-24 00:00:00,1125.357899961793
2013-09-27 00:00:00,1302.0202885143312
2013-09-30 00:00:00,1213.2461779338084
2013-10-03 00:00:00,1538.751250062391
2013-10-06 00:00:00,1900.662831393844
2013-10-09 00:00:00,1721.8876145795714
2013-10-12 00:00:00,1853.6167217058774
2013-10-15 00:00:00,2333.4870405231345
2013-10-18 00:00:00,2302.455719808441
2013-10-21 00:00:00,2675.1075126098067
2013-10-24 00:00:00,2781.5794534101965
2013-10-27 00:00:00,3439.6720527868047
2013-10-30 00:00:00,3808.9023861368005
2013-11-02 00:00:00,4216.999070365743
2013-11-05 00:00:00,3303.6398247104894
2013-11-08 00:00:00,3377.994520130998
2013-11-11 00:00:00,4952.698732522892
2013-11-14 00:00:00,4292.33890151984
2013-11-17 00:00:00,5847.426831904994
2013-11-20 00:00:00,4938.500381349813
2013-11-23 00:00:00,4908.202832997973
2013-11-26 00:00:00,4968.797929701654
2013-11-29 00:00:00,6505.609450413802
2013-12-02 00:00:00,5731.96940766189
2013-12-05 00:00:00,6013.293059571677
2013-12-08 00:00:00,6294.616711481462
2013-12-11 00:00:00,7134.389873828052
2013-12-14 00:00:00,9030.873258010193
2013-12-17 00:00:00,8895.410159140043
2013-12-20 00:00:00,9121.181990590301
2013-12-23 00:00:00,9333.93766125748
2013-12-26 00:00:00,10508.017870220681
2013-12-29 00:00:00,8805.601567224036
2014-01-01 00:00:00,11740.802089632047
2014-01-04 00:00:00,10435.93770822159
2014-01-07 00:00:00,13185.948320523228
2014-01-10 00:00:00,14243.644709870008
2014-01-13 00:00:00,18058.64887470285
2014-01-16 00:00:00,17791.77229034764
2014-01-19 00:00:00,16368.430507119827
2014-01-22 00:00:00,16902.18367583026
2014-01-25 00:00:00,16903.799218676577
2014-01-28 00:00:00,18103.42367935685
2014-01-31 00:00:00,20066.445524106388
2014-02-03 00:00:00,21157.013215633906
2014-02-06 00:00:00,21761.890602415686
2014-02-09 00:00:00,19676.919047693227
2014-02-12 00:00:00,21761.890602415686
2014-02-15 00:00:00,23455.92999062769
2014-02-18 00:00:00,25980.511697303522
2014-02-21 00:00:00,26136.083623634688
2014-02-24 00:00:00,28314.090592270903
2014-02-27 00:00:00,28314.090592270903
2014-03-02 00:00:00,28262.418171819212
2014-03-05 00:00:00,30538.586078274457
2014-03-08 00:00:00,33194.11530247224
2014-03-11 00:00:00,31866.35069037335
2014-03-14 00:00:00,29367.84755061435
2014-03-17 00:00:00,37607.747223088874
2014-03-20 00:00:00,35283.67295649349
2014-03-23 00:00:00,43312.29315018662
2014-03-26 00:00:00,39324.997602203934
2014-03-29 00:00:00,42560.59867073971
2014-04-01 00:00:00,44551.73778983865
2014-04-04 00:00:00,50027.37036736071
2014-04-07 00:00:00,44415.132156705695
2014-04-10 00:00:00,53237.31594125684
2014-04-13 00:00:00,60538.43355605776
2014-04-16 00:00:00,45327.77185855581
2014-04-19 00:00:00,56547.98441968138
2014-04-22 00:00:00,53425.70307135543
2014-04-25 00:00:00,56894.90456949538
2014-04-28 00:00:00,57588.74486912338
2014-05-01 00:00:00,66817.88587339626
2014-05-04 00:00:00,60454.27769497756
2014-05-07 00:00:00,64829.25831764039
2014-05-10 00:00:00,70397.41547375676
2014-05-13 00:00:00,74817.97101791755
2014-05-16 00:00:00,80099.2395603588
2014-05-19 00:00:00,77898.71100100828
2014-05-22 00:00:00,73497.65388230725
2014-05-25 00:00:00,78483.25675566049
2014-05-28 00:00:00,91996.93010431726
2014-05-31 00:00:00,79003.01342291651
2014-06-03 00:00:00,97714.25344413356
2014-06-06 00:00:00,86494.36212419711
2014-06-09 00:00:00,79481.3057357487
2014-06-12 00:00:00,90585.31168412535
2014-06-15 00:00:00,108702.37402095042
2014-06-18 00:00:00,113768.8428586026
2014-06-21 00:00:00,126484.18411926996
2014-06-24 00:00:00,132507.24050590186
2014-06-27 00:00:00,125145.72714446287
2014-06-30 00:00:00,104506.28118949117
2014-07-03 00:00:00,111194.68318561859
2014-07-06 00:00:00,124571.48717787348
2014-07-09 00:00:00,132931.98967303275
2014-07-12 00:00:00,137948.29117012836
2014-07-15 00:00:00,118927.43281131635
2014-07-18 00:00:00,137025.0856304297
2014-07-21 00:00:00,128407.15571656621
2014-07-24 00:00:00,128407.15571656621
2014-07-27 00:00:00,149954.3634439074
2014-07-30 00:00:00,162993.873308595
2014-08-02 00:00:00,157405.51193801456
2014-08-05 00:00:00,122943.9501527688
2014-08-08 00:00:00,157903.32912391794
2014-08-11 00:00:00,178499.4155313855
2014-08-14 00:00:00,166730.2232985469
2014-08-17 00:00:00,161826.3932015308
2014-08-20 00:00:00,187281.34634363715
2014-08-23 00:00:00,186096.02136677873
2014-08-26 00:00:00,196763.9461585049
2014-08-29 00:00:00,196763.9461585049
2014-09-01 00:00:00,204522.69565842452
2014-09-04 00:00:00,227701.9344997126
2014-09-07 00:00:00,223611.48058654414
2014-09-10 00:00:00,212703.60348476152
2014-09-13 00:00:00,241336.780876941
2014-09-16 00:00:00,250600.64894133442
2014-09-19 00:00:00,240220.74040530281
2014-09-22 00:00:00,232806.5200224231
2014-09-25 00:00:00,241703.58448187876
2014-09-28 00:00:00,239501.00715153757
2014-10-01 00:00:00,249839.18012210756
2014-10-04 00:00:00,246393.1224652509
2014-10-07 00:00:00,260177.3530926775
2014-10-10 00:00:00,276657.2682568303
2014-10-13 00:00:00,266217.3713414782
2014-10-16 00:00:00,260997.42288380215
2014-10-19 00:00:00,233157.69777619658
2014-10-22 00:00:00,297537.06208753446
2014-10-25 00:00:00,271906.093816513
2014-10-28 00:00:00,268328.38205576944
2014-10-31 00:00:00,336304.9055098977
2014-11-03 00:00:00,277272.66145762836
2014-11-06 00:00:00,285462.7945207895
2014-11-09 00:00:00,273650.540954412
2014-11-12 00:00:00,265775.70524349366
2014-11-15 00:00:00,295306.3391594374
2014-11-18 00:00:00,295306.3391594374
2014-11-21 00:00:00,248412.3463365349
2014-11-24 00:00:00,310515.4329206687
2014-11-27 00:00:00,262435.62395230704
2014-11-30 00:00:00,312518.7582943504
2014-12-03 00:00:00,242402.3702154897
2014-12-06 00:00:00,288373.4094857215
2014-12-09 00:00:00,276440.7166794158
2014-12-12 00:00:00,282407.0630825686
2014-12-15 00:00:00,304283.6665607958
2014-12-18 00:00:00,272641.7556692882
2014-12-21 00:00:00,284410.46454709925
2014-12-24 00:00:00,296179.1734249102
2014-12-27 00:00:00,313832.2367416268
2014-12-30 00:00:00,286371.91602673434
2015-01-02 00:00:00,323243.6531007466
2015-01-05 00:00:00,339405.83575578395
2015-01-08 00:00:00,272736.832303755
2015-01-11 00:00:00,296980.10628631094
2015-01-14 00:00:00,330062.31970754627
2015-01-17 00:00:00,299460.5152313499
2015-01-20 00:00:00,262301.18122454005
2015-01-23 00:00:00,271044.55393202475
2015-01-26 00:00:00,277602.0834626383
2015-01-29 00:00:00,348786.5672481655
2015-02-01 00:00:00,348786.5672481655
2015-02-04 00:00:00,330321.39604090963
2015-02-07 00:00:00,352889.93862755556
2015-02-10 00:00:00,331483.60709781764
2015-02-13 00:00:00,309384.69995796314
2015-02-16 00:00:00,349162.73280970135
2015-02-19 00:00:00,362422.07709361403
2015-02-22 00:00:00,333693.4978118032
2015-02-25 00:00:00,362028.09773554653
2015-02-28 00:00:00,313293.5461172998
2015-03-03 00:00:00,357386.711867142
2015-03-06 00:00:00,366669.4836039509
2015-03-09 00:00:00,311208.02387014596
2015-03-12 00:00:00,313565.66041461675
2015-03-15 00:00:00,346572.57203720795
2015-03-18 00:00:00,332426.7527703832
2015-03-21 00:00:00,337142.0258593248
2015-03-24 00:00:00,387831.11220875196
2015-03-27 00:00:00,399442.8221551218
2015-03-30 00:00:00,329772.5624769029
2015-04-02 00:00:00,341384.2724232727
2015-04-05 00:00:00,371157.0054119979
2015-04-08 00:00:00,292501.21618561435
2015-04-11 00:00:00,336745.0976254551
2015-04-14 00:00:00,388362.9593052693
2015-04-17 00:00:00,329371.11738548166
2015-04-20 00:00:00,408026.9066118653
2015-04-23 00:00:00,326609.2918873275
2015-04-26 00:00:00,352643.3658783464
2015-04-29 00:00:00,305308.6858946756
2015-05-02 00:00:00,347909.8978799792
2015-05-05 00:00:00,364728.3888766627
2015-05-08 00:00:00,350518.1919074422
2015-05-11 00:00:00,352886.5580689789
2015-05-14 00:00:00,331571.26261514786
2015-05-17 00:00:00,419738.3697018629
2015-05-20 00:00:00,344525.13582465047
2015-05-23 00:00:00,291148.00210533844
2015-05-26 00:00:00,327541.50236850575
2015-05-29 00:00:00,380918.6360878178
2015-06-01 00:00:00,332393.9690702614
2015-06-04 00:00:00,335928.17990909604
2015-06-07 00:00:00,395070.4651043595
2015-06-10 00:00:00,373779.2424340646
2015-06-13 00:00:00,373779.2424340646
2015-06-16 00:00:00,303837.29668170464
2015-06-19 00:00:00,397705.7298028817
2015-06-22 00:00:00,365592.8447877421
2015-06-25 00:00:00,395235.5078786402
2015-06-28 00:00:00,363122.6228635006
2015-07-01 00:00:00,356089.18495935434
2015-07-04 00:00:00,380647.0597841374
2015-07-07 00:00:00,363456.5474067893
2015-07-10 00:00:00,383102.8472666158
2015-07-13 00:00:00,368157.89139393327
2015-07-16 00:00:00,345306.711928103
2015-07-19 00:00:00,363079.8515126377
2015-07-22 00:00:00,373235.9312752289
2015-07-25 00:00:00,397611.60033711337
2015-07-28 00:00:00,369025.14541091566
2015-07-31 00:00:00,361228.8395219526
2015-08-03 00:00:00,382018.9885591873
2015-08-06 00:00:00,363827.6081516069
2015-08-09 00:00:00,353662.6557070301
2015-08-12 00:00:00,322225.9751997385
2015-08-15 00:00:00,351042.9323314224
2015-08-18 00:00:00,379859.8894631064
2015-08-21 00:00:00,403437.3998435751
2015-08-24 00:00:00,423446.54047874437
2015-08-27 00:00:00,401869.64669638796
2015-08-30 00:00:00,388384.0880824152
2015-09-02 00:00:00,415355.20531036076
2015-09-05 00:00:00,427538.38938739896
2015-09-08 00:00:00,393561.82864138053
2015-09-11 00:00:00,489828.7507550994
2015-09-14 00:00:00,450189.4298847446
2015-09-17 00:00:00,399224.5887657169
2015-09-20 00:00:00,353949.1570085141
2015-09-23 00:00:00,442436.44626064267
2015-09-26 00:00:00,448335.5988774512
2015-09-29 00:00:00,510276.7013539412
2015-10-02 00:00:00,377880.2205059568
2015-10-05 00:00:00,447410.1810790528
2015-10-08 00:00:00,414156.7216745286
2015-10-11 00:00:00,453456.26460714807
2015-10-14 00:00:00,459502.34813524334
2015-10-17 00:00:00,396478.2308715691
2015-10-20 00:00:00,384372.02534877305
2015-10-23 00:00:00,466088.912627646
2015-10-26 00:00:00,460035.809866248
2015-10-29 00:00:00,458010.0134581845
2015-11-01 00:00:00,492051.29824223876
2015-11-04 00:00:00,479672.6492298553
2015-11-07 00:00:00,504429.94725462206
2015-11-10 00:00:00,442536.7021927054
2015-11-13 00:00:00,546646.8647771532
2015-11-16 00:00:00,576106.8754537664
2015-11-19 00:00:00,458266.8327473142
2015-11-22 00:00:00,569560.2064145191
2015-11-25 00:00:00,556720.6312294444
2015-11-28 00:00:00,527800.0789577848
2015-12-01 00:00:00,694093.2545198267
2015-12-04 00:00:00,527800.0789577848
2015-12-07 00:00:00,593762.3031172806
2015-12-10 00:00:00,770711.3338475961
2015-12-13 00:00:00,585897.9017514889
2015-12-16 00:00:00,660609.714726511
2015-12-19 00:00:00,720030.5863814414
2015-12-22 00:00:00,654995.5656760212
2015-12-25 00:00:00,622478.0553233108
2015-12-28 00:00:00,747902.7381123363
2015-12-31 00:00:00,743604.444166195
2016-01-03 00:00:00,769424.0429219657
2016-01-06 00:00:00,702293.086156962
2016-01-09 00:00:00,821063.240433507
2016-01-12 00:00:00,908849.8762031271
2016-01-15 00:00:00,693089.3552375074
2016-01-18 00:00:00,986102.7411915754
2016-01-21 00:00:00,755072.9561124061
2016-01-24 00:00:00,935388.8859302944
2016-01-27 00:00:00,918901.0181609987
2016-01-30 00:00:00,1056139.4819123168
2016-02-02 00:00:00,978569.9154441803
2016-02-05 00:00:00,1074040.151097271
2016-02-08 00:00:00,1153414.8643695416
2016-02-11 00:00:00,1375500.9562667825
2016-02-14 00:00:00,1289532.1465001085
2016-02-17 00:00:00,1002969.4472778621
2016-02-20 00:00:00,1284099.8511395585
2016-02-23 00:00:00,1097173.923442028
2016-02-26 00:00:00,1219082.1371578088
2016-02-29 00:00:00,1097173.923442028
2016-03-03 00:00:00,1080919.4949465904
2016-03-06 00:00:00,1094688.803216399
2016-03-09 00:00:00,1299450.737630977
2016-03-12 00:00:00,1141941.557312071
2016-03-15 00:00:00,1197069.770423688
2016-03-18 00:00:00,1135311.1369276799
2016-03-21 00:00:00,1036588.4293687509
2016-03-24 00:00:00,1242260.736783186
2016-03-27 00:00:00,1258714.5213763407
2016-03-30 00:00:00,1308075.875155805
2016-04-02 00:00:00,1244135.0570097875
2016-04-05 00:00:00,1235840.8232963886
2016-04-08 00:00:00,1169486.9535892003
2016-04-11 00:00:00,1252429.2907231862
2016-04-14 00:00:00,1465554.2304687165
2016-04-17 00:00:00,1358968.4682528095
2016-04-20 00:00:00,1465554.2304630696
2016-04-23 00:00:00,1279029.1465859516
2016-04-26 00:00:00,1341204.174544991
2016-04-29 00:00:00,1403229.5803567483
2016-05-02 00:00:00,1394348.380481073
2016-05-05 00:00:00,1385467.1806053973
2016-05-08 00:00:00,1447635.5797351266
2016-05-11 00:00:00,1284309.1125853825
2016-05-14 00:00:00,1390530.1670097376
2016-05-17 00:00:00,1361560.7885303677
2016-05-20 00:00:00,1438812.4644753532
2016-05-23 00:00:00,1747819.1682552951
2016-05-26 00:00:00,1357376.3565844796
2016-05-29 00:00:00,1456454.922758529
2016-06-01 00:00:00,1426731.3529063142
2016-06-04 00:00:00,1179034.9374711902
2016-06-07 00:00:00,1406915.6396715043
2016-06-10 00:00:00,1403462.3397086607
2016-06-13 00:00:00,1569148.8659242669
2016-06-16 00:00:00,1452193.6709485447
2016-06-19 00:00:00,1725089.1258918957
2016-06-22 00:00:00,1343144.5155210183
2016-06-25 00:00:00,1728387.5160968143
2016-06-28 00:00:00,1551383.975291719
2016-07-01 00:00:00,1634679.7591999993
2016-07-04 00:00:00,1601825.8356484587
2016-07-07 00:00:00,1463920.3001290553
2016-07-10 00:00:00,1654866.426232845
2016-07-13 00:00:00,1379055.3551940375
2016-07-16 00:00:00,1665474.5443497219
2016-07-19 00:00:00,1358434.5336234204
2016-07-22 00:00:00,1369047.3034173532
2016-07-25 00:00:00,1400885.6127991525
2016-07-28 00:00:00,1453949.4617688174
2016-07-31 00:00:00,1634366.5482656776
2016-08-03 00:00:00,1686075.879246242
2016-08-06 00:00:00,1676039.7132983475
2016-08-09 00:00:00,1254520.7434867874
2016-08-12 00:00:00,1495388.72623625
2016-08-15 00:00:00,1577645.903373321
2016-08-18 00:00:00,1664092.2542430921
2016-08-21 00:00:00,1761344.3989715844
2016-08-24 00:00:00,1653286.4603843705
2016-08-27 00:00:00,1556034.3156558783
2016-08-30 00:00:00,1810682.894693987
2016-09-02 00:00:00,1678996.8659889696
2016-09-05 00:00:00,1536337.0015585339
2016-09-08 00:00:00,1580232.3444602068
2016-09-11 00:00:00,1799709.0589685685
2016-09-14 00:00:00,1751289.222891277
2016-09-17 00:00:00,1829872.713662039
2016-09-20 00:00:00,1717610.5839895215
2016-09-23 00:00:00,1526764.9635462412
2016-09-26 00:00:00,1834694.7823037894
2016-09-29 00:00:00,1714780.090649947
2016-10-02 00:00:00,1690797.1523191782
2016-10-05 00:00:00,2002575.3506191685
2016-10-08 00:00:00,2171858.8043259205
2016-10-11 00:00:00,1786321.7384692484
2016-10-14 00:00:00,1747768.0318835813
2016-10-17 00:00:00,1606404.441069468
2016-10-20 00:00:00,1722065.5608264694
2016-10-23 00:00:00,1815470.1249865948
2016-10-26 00:00:00,1752432.9678690047
2016-10-29 00:00:00,1878507.2821041849
2016-11-01 00:00:00,1815470.1249865948
2016-11-04 00:00:00,1462462.0451280903
2016-11-07 00:00:00,1847956.771948181
2016-11-10 00:00:00,2126416.0115568116
2016-11-13 00:00:00,1809985.0574560955
2016-11-16 00:00:00,2177044.9642129256
2016-11-19 00:00:00,1989192.739726816
2016-11-22 00:00:00,1877125.5431224885
2016-11-25 00:00:00,2129276.7354822266
2016-11-28 00:00:00,2297377.530388717
2016-12-01 00:00:00,2045226.3380289804
2016-12-04 00:00:00,2109770.1311971154
2016-12-07 00:00:00,2494660.6281046974
2016-12-10 00:00:00,1881686.8737704
2016-12-13 00:00:00,2537426.2388722063
2016-12-16 00:00:00,2050571.6285574944
2016-12-19 00:00:00,2343510.432637137
2016-12-22 00:00:00,2451435.255192794
2016-12-25 00:00:00,2574777.9095421173
2016-12-28 00:00:00,2589949.6705277027
2016-12-31 00:00:00,2337271.6538908537
2017-01-03 00:00:00,2589949.6705277027
2017-01-06 00:00:00,2542572.5424082936
2017-01-09 00:00:00,2147763.1414132165
2017-01-12 00:00:00,2897297.8640577346
2017-01-15 00:00:00,2796813.5450730724
2017-01-18 00:00:00,2528855.3611139767
2017-01-21 00:00:00,3031276.9560372834
2017-01-24 00:00:00,2910612.149123209
2017-01-27 00:00:00,3320832.65336205
2017-01-30 00:00:00,2852009.2199462317
2017-02-02 00:00:00,3066886.6269284827
2017-02-05 00:00:00,3336807.8208021554
2017-02-08 00:00:00,3063987.0555793378
2017-02-11 00:00:00,2917083.566613205
2017-02-14 00:00:00,3546669.9478966305
2017-02-17 00:00:00,3168918.1191265755
2017-02-20 00:00:00,3242870.592913912
2017-02-23 00:00:00,3286693.168493829
2017-02-26 00:00:00,3900209.226612676
2017-03-01 00:00:00,3155225.441754076
2017-03-04 00:00:00,3069265.8497151854
2017-03-07 00:00:00,3504460.2612419655
2017-03-10 00:00:00,3573175.168325142
2017-03-13 00:00:00,3321220.5090201637
2017-03-16 00:00:00,3504460.2612419655
2017-03-19 00:00:00,3925474.045294894
2017-03-22 00:00:00,3807236.875255891
2017-03-25 00:00:00,3145108.7230374753
2017-03-28 00:00:00,3665352.2712090868
2017-03-31 00:00:00,3352999.9663535496
2017-04-03 00:00:00,4371318.474653517
2017-04-06 00:00:00,3651044.407807197
2017-04-09 00:00:00,3949088.849260846
2017-04-12 00:00:00,3526859.223868177
2017-04-15 00:00:00,3909321.047244913
2017-04-18 00:00:00,3779873.3304487243
2017-04-21 00:00:00,4323553.740992717
2017-04-24 00:00:00,3210303.3765454916
2017-04-27 00:00:00,3814281.6336960737
2017-04-30 00:00:00,3918071.610123178
2017-05-03 00:00:00,3425069.2220944343
2017-05-06 00:00:00,4359179.00993837
2017-05-09 00:00:00,4021861.5865502814
2017-05-12 00:00:00,4286790.826827179
2017-05-15 00:00:00,4732171.69195208
2017-05-18 00:00:00,3952755.177983502
2017-05-21 00:00:00,4091936.6983350343
2017-05-24 00:00:00,4562009.633181176
2017-05-27 00:00:00,4976737.781652192
2017-05-30 00:00:00,5302595.612593705
2017-06-02 00:00:00,4325022.119769167
2017-06-05 00:00:00,5533581.086106182
2017-06-08 00:00:00,5567322.434192196
2017-06-11 00:00:00,4926236.820557944
2017-06-14 00:00:00,4723788.732041863
2017-06-17 00:00:00,5129905.644295609
2017-06-20 00:00:00,4882255.026984786
2017-06-23 00:00:00,5660585.538533085
2017-06-26 00:00:00,5023769.665448112
2017-06-29 00:00:00,4245439.153899814
2017-07-02 00:00:00,6622798.79067395
2017-07-05 00:00:00,5248920.318140525
2017-07-08 00:00:00,5812562.768410648
2017-07-11 00:00:00,6094383.993545709
2017-07-14 00:00:00,5559049.844066968
2017-07-17 00:00:00,5918988.323179216
2017-07-20 00:00:00,6478892.6240204945
2017-07-23 00:00:00,6878824.267478548
2017-07-26 00:00:00,5878995.1588334115
2017-07-29 00:00:00,6713613.085660834
2017-08-01 00:00:00,6371518.151359645
2017-08-04 00:00:00,7654374.154989103
2017-08-07 00:00:00,6542565.61851024
2017-08-10 00:00:00,6149818.078314411
2017-08-13 00:00:00,6792336.385003977
2017-08-16 00:00:00,5966241.41926025
2017-08-19 00:00:00,6930018.8792945985
2017-08-22 00:00:00,4084580.6639550943
2017-08-25 00:00:00,4459277.507650397
2017-08-28 00:00:00,5695512.856305951
2017-08-31 00:00:00,7196655.7796734115
2017-09-03 00:00:00,6799294.417605555
2017-09-06 00:00:00,7430760.765994303
2017-09-09 00:00:00,7751843.021315045
2017-09-12 00:00:00,8623352.000042772
2017-09-15 00:00:00,8256400.851104781
2017-09-18 00:00:00,6965995.451677618
2017-09-21 00:00:00,9653662.988151658
2017-09-24 00:00:00,7953301.893647672
2017-09-27 00:00:00,8063002.609422123
2017-09-30 00:00:00,7569349.388437095
2017-10-03 00:00:00,10223761.08832781
2017-10-06 00:00:00,8882939.961989732
2017-10-09 00:00:00,8994675.05585124
2017-10-12 00:00:00,8547734.680405214
2017-10-15 00:00:00,11601113.065304575
2017-10-18 00:00:00,8983426.014671747
2017-10-21 00:00:00,9102411.789700512
2017-10-24 00:00:00,9935312.214901863
2017-10-27 00:00:00,7510989.943594749
2017-10-30 00:00:00,10616495.401042577
2017-11-02 00:00:00,10833158.572492426
2017-11-05 00:00:00,10183169.058142882
2017-11-08 00:00:00,10399832.22959273
2017-11-11 00:00:00,5426063.163307532
2017-11-14 00:00:00,8681701.061292049
2017-11-17 00:00:00,11326906.853404472
2017-11-20 00:00:00,11869513.169735227
2017-11-23 00:00:00,10648648.95799103
2017-11-26 00:00:00,10244850.058593854
2017-11-29 00:00:00,11584046.144684557
2017-12-02 00:00:00,10780528.493030138
2017-12-05 00:00:00,11918845.16620723
2017-12-08 00:00:00,12337090.772283336
2017-12-11 00:00:00,13523349.500387503
2017-12-14 00:00:00,14630524.313284725
2017-12-17 00:00:00,14630524.313284725
2017-12-20 00:00:00,12663310.637644118
2017-12-23 00:00:00,12942648.37229803
2017-12-26 00:00:00,13221986.106951943
2017-12-29 00:00:00,15363575.405965287
2018-01-01 00:00:00,14975580.959688298
2018-01-04 00:00:00,16127548.72581817
2018-01-07 00:00:00,15551564.842753233
2018-01-10 00:00:00,15935554.098129855
2018-01-13 00:00:00,16501289.113753948
2018-01-16 00:00:00,17608758.181791127
2018-01-19 00:00:00,18273239.622613434
2018-01-22 00:00:00,18494733.436220866
2018-01-25 00:00:00,20445148.56477561
2018-01-28 00:00:00,20445148.56477561
2018-01-31 00:00:00,15139761.911890801
2018-02-03 00:00:00,20445148.56477561
2018-02-06 00:00:00,24293141.31932019
2018-02-09 00:00:00,19291612.224166036
2018-02-12 00:00:00,23721537.994159717
2018-02-15 00:00:00,18720008.899005562
2018-02-18 00:00:00,23149934.668999236
2018-02-21 00:00:00,25265138.82671723
2018-02-24 00:00:00,21677190.117597632
2018-02-27 00:00:00,23919658.060797386
2018-03-02 00:00:00,23321666.609277453
2018-03-05 00:00:00,24372959.73093687
2018-03-08 00:00:00,26499459.573233377
2018-03-11 00:00:00,25027267.37472041
2018-03-14 00:00:00,23555075.176207453
2018-03-17 00:00:00,24372959.73093687
2018-03-20 00:00:00,21859737.31550615
2018-03-23 00:00:00,22892480.810726907
2018-03-26 00:00:00,25818587.380519066
2018-03-29 00:00:00,26162835.212259322
2018-04-01 00:00:00,28274794.216831658
2018-04-04 00:00:00,25656757.715273168
2018-04-07 00:00:00,31416438.01870184
2018-04-10 00:00:00,28623865.750372782
2018-04-13 00:00:00,28798401.517143354
2018-04-16 00:00:00,26910340.43244984
2018-04-19 00:00:00,33971919.127489865
2018-04-22 00:00:00,30536556.51909202
2018-04-25 00:00:00,23474977.82405199
2018-04-28 00:00:00,25592018.82977841
2018-05-01 00:00:00,31590148.24300772
2018-05-04 00:00:00,27591395.30085485
2018-05-07 00:00:00,29990647.066146575
2018-05-10 00:00:00,30790397.65457715
2018-05-13 00:00:00,30487010.811281078
2018-05-16 00:00:00,36872803.61634671
2018-05-19 00:00:00,31722970.709035713
2018-05-22 00:00:00,31104990.760158394
2018-05-25 00:00:00,37681533.93027126
2018-05-28 00:00:00,33399541.438194983
2018-05-31 00:00:00,36396936.182648376
2018-06-03 00:00:00,34898238.81042167
2018-06-06 00:00:00,36103754.486892566
2018-06-09 00:00:00,35121339.39881386
2018-06-12 00:00:00,35612546.94285321
2018-06-15 00:00:00,37577377.11901063
2018-06-18 00:00:00,40279018.61122707
2018-06-21 00:00:00,42908653.83156328
2018-06-24 00:00:00,43161057.6776313
2018-06-27 00:00:00,30540865.37423034
2018-06-30 00:00:00,35588942.29559072
2018-07-03 00:00:00,30929068.693115484
2018-07-06 00:00:00,42660784.4042972
2018-07-09 00:00:00,36261666.74365263
2018-07-12 00:00:00,37594816.25628691
2018-07-15 00:00:00,35461777.03607205
2018-07-18 00:00:00,44793365.519011274
2018-07-21 00:00:00,35268339.51784221
2018-07-24 00:00:00,40931868.49151031
2018-07-27 00:00:00,42991333.57284415
2018-07-30 00:00:00,39630250.208895296
2018-08-02 00:00:00,45249464.790753596
2018-08-05 00:00:00,47319701.74196456
2018-08-08 00:00:00,46432457.33430271
2018-08-11 00:00:00,53994493.05484104
2018-08-14 00:00:00,43195594.443872824
2018-08-17 00:00:00,48277429.08432846
2018-08-20 00:00:00,47642199.75427149
2018-08-23 00:00:00,47324585.08924303
2018-08-26 00:00:00,57853309.2089403
2018-08-29 00:00:00,46483294.682327755
2018-09-01 00:00:00,50496240.985838056
2018-09-04 00:00:00,42135936.186858244
2018-09-07 00:00:00,53036795.52761645
2018-09-10 00:00:00,47105048.659396194
2018-09-13 00:00:00,51641090.38215286
2018-09-16 00:00:00,48500753.80485977
2018-09-19 00:00:00,54432500.67308004
2018-09-22 00:00:00,55111696.53519496
2018-09-25 00:00:00,60089527.18998676
2018-09-28 00:00:00,54756137.202709846
2018-10-01 00:00:00,56178374.532650344
2018-10-04 00:00:00,55588275.237838395
2018-10-07 00:00:00,52623567.22515366
2018-10-10 00:00:00,53364744.22832486
2018-10-13 00:00:00,52252978.723568074
2018-10-16 00:00:00,50029447.714054555
2018-10-19 00:00:00,50702736.58346472
2018-10-22 00:00:00,55344536.411528386
2018-10-25 00:00:00,48917428.957286395
2018-10-28 00:00:00,49988613.53299338
2018-10-31 00:00:00,58201028.613413736
2018-11-03 00:00:00,57499331.79964779
2018-11-06 00:00:00,45713754.474254146
2018-11-09 00:00:00,45356615.76742404
2018-11-12 00:00:00,49999418.95621547
2018-11-15 00:00:00,45356615.76742404
2018-11-18 00:00:00,40680711.64968924
2018-11-21 00:00:00,34727436.774124965
2018-11-24 00:00:00,47295461.511427335
2018-11-27 00:00:00,43326611.59438447
2018-11-30 00:00:00,33404486.801777344
2018-12-03 00:00:00,31998005.400318913
2018-12-06 00:00:00,37892374.81616714
2018-12-09 00:00:00,35927585.0108844
2018-12-12 00:00:00,33682110.94770413
2018-12-15 00:00:00,41821954.42673262
2018-12-18 00:00:00,32491732.534748264
2018-12-21 00:00:00,35537832.4598809
2018-12-24 00:00:00,38583932.385013565
2018-12-27 00:00:00,44168448.91442341
2018-12-30 00:00:00,44676132.235278875
2019-01-02 00:00:00,42174589.10254646
2019-01-05 00:00:00,45526212.07758327
2019-01-08 00:00:00,47202023.56510166
2019-01-11 00:00:00,41336683.35878725
2019-01-14 00:00:00,43581703.05865877
2019-01-17 00:00:00,37146820.72785009
2019-01-20 00:00:00,45921660.26986193
2019-01-23 00:00:00,42704219.104457594
2019-01-26 00:00:00,43874197.71005916
2019-01-29 00:00:00,42201068.24518973
2019-02-01 00:00:00,45669649.19684915
2019-02-04 00:00:00,42490116.65782802
2019-02-07 00:00:00,50294423.79906173
2019-02-10 00:00:00,42184762.96376013
2019-02-13 00:00:00,46101919.52468072
2019-02-16 00:00:00,45197960.31831443
2019-02-19 00:00:00,47005878.73104701
2019-02-22 00:00:00,48813797.14377959
2019-02-25 00:00:00,43162133.91363085
2019-02-28 00:00:00,45274965.64366872
2019-03-03 00:00:00,44067633.22650423
2019-03-06 00:00:00,38634637.34926397
2019-03-09 00:00:00,41652968.39217523
2019-03-12 00:00:00,43141131.589226045
2019-03-15 00:00:00,46157993.93812297
2019-03-18 00:00:00,48571483.81724052
2019-03-21 00:00:00,43141131.589226045
2019-03-24 00:00:00,47567250.84429327
2019-03-27 00:00:00,47250135.83866465
2019-03-30 00:00:00,44078985.782378435
2019-04-02 00:00:00,49787055.88369363
2019-04-05 00:00:00,50104170.889322236
2019-04-08 00:00:00,47034242.04414046
2019-04-11 00:00:00,49894432.43871657
2019-04-14 00:00:00,38771469.79314281
2019-04-17 00:00:00,43856252.71683368
2019-04-20 00:00:00,41631660.187718935
2019-04-23 00:00:00,36634060.021134876
2019-04-26 00:00:00,47687440.19992556
2019-04-29 00:00:00,51477170.546939515
2019-05-02 00:00:00,58109198.65421392
2019-05-05 00:00:00,42978500.69503984
2019-05-08 00:00:00,50641334.15229501
2019-05-11 00:00:00,43311667.367094405
2019-05-14 00:00:00,50641334.15229501
2019-05-17 00:00:00,50308167.48024044
2019-05-20 00:00:00,53659544.82945662
2019-05-23 00:00:00,52659677.534497775
2019-05-26 00:00:00,54992701.22273503
2019-05-29 00:00:00,57992303.10761148
2019-06-01 00:00:00,55994233.735332996
2019-06-04 00:00:00,57106701.95524027
2019-06-07 00:00:00,58589992.91511663
2019-06-10 00:00:00,58219170.175147556
2019-06-13 00:00:00,55994233.735332996
2019-06-16 00:00:00,47882020.480559096
2019-06-19 00:00:00,65193212.500453554
2019-06-22 00:00:00,51933576.059683315
2019-06-25 00:00:00,53775192.23201252
2019-06-28 00:00:00,64293187.573799804
2019-07-01 00:00:00,56404452.90216794
2019-07-04 00:00:00,65870934.508126184
2019-07-07 00:00:00,60348820.23798387
2019-07-10 00:00:00,58125055.933379255
2019-07-13 00:00:00,63532037.88067035
2019-07-16 00:00:00,72994256.28842978
2019-07-19 00:00:00,53168655.8150291
2019-07-22 00:00:00,71191928.97266607
2019-07-25 00:00:00,67211666.91964161
2019-07-28 00:00:00,78413611.40624857
2019-07-31 00:00:00,76621300.28839144
2019-08-03 00:00:00,77517455.84732
2019-08-06 00:00:00,79916269.03403398
2019-08-09 00:00:00,72967028.2484658
2019-08-12 00:00:00,66017787.46289764
2019-08-15 00:00:00,77930771.6667288
2019-08-18 00:00:00,63784218.42690996
2019-08-21 00:00:00,68846457.98460123
2019-08-24 00:00:00,80995832.92306027
2019-08-27 00:00:00,68340234.0288321
2019-08-30 00:00:00,80995832.92306027
2019-09-02 00:00:00,79786349.93154953
2019-09-05 00:00:00,88354011.66916557
2019-09-08 00:00:00,94779757.97237764
2019-09-11 00:00:00,98528109.98258466
2019-09-14 00:00:00,91618125.62605418
2019-09-17 00:00:00,87480532.8558453
2019-09-20 00:00:00,89253786.90022057
2019-09-23 00:00:00,67383653.68625923
2019-09-26 00:00:00,108464284.77616383
2019-09-29 00:00:00,86263992.57051623
2019-10-02 00:00:00,93875521.32673827
2019-10-05 00:00:00,100218461.95692328
2019-10-08 00:00:00,102755638.2089973
2019-10-11 00:00:00,100875176.08460242
2019-10-14 00:00:00,87295825.45782903
2019-10-17 00:00:00,96995361.61981001
2019-10-20 00:00:00,94408818.64328176
2019-10-23 00:00:00,114342003.61116467
2019-10-26 00:00:00,95285003.00930388
2019-10-29 00:00:00,90520752.85883868
2019-11-01 00:00:00,88478931.36578219
2019-11-04 00:00:00,89840145.69448653
2019-11-07 00:00:00,85362510.35685593
2019-11-10 00:00:00,104964271.99435617
2019-11-13 00:00:00,85362510.35685593
2019-11-16 00:00:00,93582603.94677538
2019-11-19 00:00:00,92950289.0552431
2019-11-22 00:00:00,85127203.65307061
2019-11-25 00:00:00,80612882.24722597
2019-11-28 00:00:00,105119198.45038265
2019-12-01 00:00:00,89641525.05891527
2019-12-04 00:00:00,107698810.68229385
